Année;Numéro;Département;Code INSEE;Nom de la commune;Date de première alerte;Surface parcourue (m2);Surface forêt (m2);Surface maquis garrigues (m2);Autres surfaces naturelles hors forêt (m2);Surfaces agricoles (m2);Autres surfaces (m2);Surface autres terres boisées (m2);Surfaces non boisées naturelles (m2);Surfaces non boisées artificialisées (m2);Surfaces non boisées (m2);Précision des surfaces;Type de peuplement;Nature;Décès ou bâtiments touchés;Nombre de décès;Nombre de bâtiments totalement détruits;Nombre de bâtiments partiellement détruits;Précision de la donnée
2024;5;66;66043;Casteil;01/01/2024 12:02;2000;2000;0;0;0;0;;;;;Estimées;;Involontaire (particulier);Non;;;;
2024;27351;77;77186;Fontainebleau;01/01/2024 13:48;2;2;;0;0;0;;;;;Estimées;;Involontaire (particulier);Non;;;;
2024;20474;11;11322;Roquefort-des-Corbières;01/01/2024 20:42;100;10;90;0;0;0;;;;;Mesurées;1;;Non;;;;
2024;353;2B;2B029;Barbaggio;03/01/2024 11:36;1946500;0;1946500;0;0;0;;;;;Mesurées;1;Involontaire (travaux);Non;;;;
2024;122;2B;2B124;Ghisoni;03/01/2024 12:59;2000;0;2000;0;0;0;;;;;Estimées;;;Non;;;;
2024;124;2B;2B079;Castello-di-Rostino;03/01/2024 23:05;35000;0;35000;0;0;0;;;;;Estimées;1;;Non;;;;
2024;127;2B;2B293;Sant'Andréa-di-Cotone;04/01/2024 13:51;10000;0;10000;0;0;0;;;;;Estimées;1;;Non;;;;
2024;128;2B;2B356;Zalana;04/01/2024 14:48;500;0;500;0;0;0;;;;;Estimées;;;Non;;;;
2024;159;66;66042;Cassagnes;08/01/2024 14:12;20000;20000;0;0;0;0;;;;;Mesurées;;Accidentelle;Non;;;;
2024;355;48;48067;Gabriac;08/01/2024 17:33;5600;5600;0;0;0;0;;;;;Mesurées;5;;Non;;;;
2024;169;66;66116;Montferrer;09/01/2024 12:33;200;200;0;0;0;0;;;;;Estimées;;;Non;;;;
2024;20490;11;11098;Conilhac-Corbières;09/01/2024 16:56;17533;0;17533;0;0;0;;;;;Mesurées;1;;Non;;;;
2024;27082;64;64444;Pardies-Piétat;14/01/2024 12:57;3;3;;0;0;0;;;;;Estimées;;Involontaire (particulier);Non;0;0;0;
2024;146;2B;2B290;Speloncato;15/01/2024 11:04;150000;0;150000;0;0;0;;;;;Estimées;;;Non;;;;
2024;147;2B;2B242;Poggio-Mezzana;17/01/2024 15:25;3000;0;3000;0;0;0;;;;;Estimées;;;Non;;;;
2024;20504;11;11031;Belfort-sur-Rebenty;18/01/2024 12:31;600;600;0;0;0;0;;;;;Mesurées;;Involontaire (travaux);Non;;;;
2024;22475;88;88124;Darney;18/01/2024 17:57;10;10;;0;0;0;;;;;Estimées;;;Non;;;;
2024;143;34;34097;Félines-Minervois;18/01/2024 18:00;1632;0;1632;0;0;0;;;;;Mesurées;1;Malveillance;Non;;;;
2024;20095;56;56212;Saint-Dolay;18/01/2024 18:32;4;4;;0;0;0;;;;;Estimées;;;Non;;;;
2024;20507;11;11379;Sigean;18/01/2024 19:07;10;0;10;0;0;0;;;;;Mesurées;1;Accidentelle;Non;;;;
2024;149;2B;2B046;Cagnano;19/01/2024 05:14;300;0;300;0;0;0;;;;;Estimées;;;Non;;;;
2024;19130;13;13055;Marseille;19/01/2024 21:51;15;0;15;0;0;0;;;;;Estimées;1;;Non;;;;
2024;151;2B;2B286;Sorbo-Ocagnano;20/01/2024 18:33;1500;0;1500;0;0;0;;;;;Estimées;;;Non;;;;
2024;27354;77;77006;Arbonne-la-Forêt;21/01/2024 10:01;4;4;;0;0;0;;;;;Estimées;;Involontaire (particulier);Non;;;;
2024;205;66;66150;Prats-de-Mollo-la-Preste;21/01/2024 16:15;800;800;0;0;0;0;;;;;Mesurées;;;Non;;;;
2024;154;06;06049;Courmes;22/01/2024 11:48;41600;0;41600;0;0;0;;;;;Estimées;1;;Non;;;;
2024;217;2B;2B281;Sisco;22/01/2024 16:45;3000;0;3000;0;0;0;;;;;Estimées;;;Non;;;;
2024;28856;07;07025;Barnas;22/01/2024 17:57;127700;200;127500;0;0;0;;;;;Mesurées;5;;Non;;;;
2024;218;2B;2B307;Santa-Lucia-di-Moriani;23/01/2024 02:00;50000;0;50000;0;0;0;;;;;Estimées;1;;Non;;;;
2024;255;34;34092;Cruzy;23/01/2024 18:39;3098;0;3098;0;0;0;;;;;Mesurées;1;Involontaire (travaux);Non;;;;
2024;20515;11;11401;Tuchan;24/01/2024 14:52;400;0;400;0;0;0;;;;;Mesurées;1;Involontaire (particulier);Non;;;;
2024;251;34;34079;Clermont-l'Hérault;25/01/2024 18:18;17;0;17;0;0;0;;;;;Mesurées;1;Malveillance;Non;;;;
2024;20523;11;11386;Talairan;26/01/2024 15:43;11938;0;11438;0;500;0;;;;;Mesurées;1;;Non;;;;
2024;226;2B;2B340;Velone-Orneto;26/01/2024 18:15;100;0;100;0;0;0;;;;;Estimées;;;Non;;;;
2024;239;34;34113;Gigean;27/01/2024 10:01;5;5;0;0;0;0;;;;;Estimées;2;Malveillance;Non;;;;
2024;19302;13;13047;Istres;27/01/2024 16:10;500;500;0;0;0;0;;;;;Estimées;1;Involontaire (particulier);Non;;;;
2024;18934;30;30189;Nîmes;27/01/2024 18:52;107;107;0;0;0;0;;;;;Mesurées;;;Non;;;;
2024;29629;25;25318;Jougne;27/01/2024 19:46;100;100;;0;0;0;;;;;Estimées;;;Non;0;0;0;
2024;28854;07;07179;Pourchères;28/01/2024 12:30;90000;0;90000;0;0;0;;;;;Mesurées;5;Involontaire (travaux);Non;;;;
2024;214;15;15113;Mandailles-Saint-Julien;28/01/2024 13:33;2;2;;0;0;0;;;;;Estimées;;Involontaire (travaux);Non;;;;
2024;18935;30;30339;Val-d'Aigoual;28/01/2024 16:10;2000;2000;0;0;0;0;;;;;Mesurées;;;Non;;;;
2024;271;05;05126;Rosans;29/01/2024 13:59;8100;2700;0;4800;0;600;;;;;Mesurées;5;Involontaire (particulier);Non;;;;
2024;19032;48;48105;Naussac-Fontanes;29/01/2024 14:00;1200;1100;0;100;0;0;;;;;Mesurées;4;;;;;;Données partielles ou non valides
2024;26994;40;40184;Mimizan;29/01/2024 15:19;1;1;;0;0;0;;;;;Estimées;;Involontaire (particulier);Non;0;0;0;
2024;402;74;74192;Moye;29/01/2024 18:16;200;200;;0;0;0;;;;;Estimées;;Involontaire (travaux);Non;;;;
2024;229;2B;2B356;Zalana;30/01/2024 11:12;10000;0;10000;0;0;0;;;;;Estimées;1;;Non;;;;
2024;358;06;06135;Sigale;30/01/2024 13:32;2000;0;2000;0;0;0;;;;;Estimées;1;;Non;;;;
2024;19532;34;34335;Villemagne-l'Argentière;30/01/2024 14:50;2252;0;2252;0;0;0;;;;;Mesurées;1;Involontaire (particulier);Non;;;;
2024;22939;2A;2A130;Grosseto-Prugna;30/01/2024 18:53;50;0;50;0;0;0;;;;;Estimées;;;Non;;;;
2024;19191;29;29206;Plounévez-Lochrist;30/01/2024 19:04;20;20;;0;0;0;;;;;Estimées;;;Non;;;;
2024;22940;2A;2A247;Porto-Vecchio;31/01/2024 11:08;3000;0;3000;0;0;0;;;;;Estimées;;;Non;;;;
2024;268;2B;2B235;Pioggiola;31/01/2024 12:15;300;0;300;0;0;0;;;;;Estimées;;;Non;;;;
2024;26996;40;40281;Saint-Pierre-du-Mont;31/01/2024 17:35;3;1;;0;0;2;;;;;Estimées;;;Non;0;0;0;
2024;27088;64;64396;Mont;31/01/2024 19:05;2;2;;0;0;0;;;;;Estimées;;;Non;0;0;0;
2024;338;2B;2B176;Nocario;01/02/2024 11:11;5000;0;5000;0;0;0;;;;;Estimées;1;;Non;;;;
2024;282;05;05024;Valdoule;02/02/2024 12:50;4000;4000;0;0;0;0;;;;;Mesurées;5;Involontaire (travaux);Non;;;;
2024;359;06;06050;Coursegoules;02/02/2024 13:45;800;0;800;0;0;0;;;;;Estimées;;;Non;;;;
2024;19303;13;13091;Saint-Cannat;02/02/2024 14:36;10;10;0;0;0;0;;;;;Estimées;1;Malveillance;Non;;;;
2024;341;2B;2B213;Pianello;03/02/2024 12:13;465800;0;465800;0;0;0;;;;;Estimées;1;Malveillance;Non;;;;
2024;342;2B;2B219;Piedicroce;03/02/2024 12:25;4000;0;4000;0;0;0;;;;;Estimées;;;Non;;;;
2024;20544;11;11401;Tuchan;03/02/2024 12:27;200;0;200;0;0;0;;;;;Mesurées;1;Involontaire (travaux);Non;;;;
2024;28842;07;07220;Saint-Christol;03/02/2024 14:04;10000;10000;0;0;0;0;;;;;Estimées;3;Involontaire (travaux);Non;;;;
2024;289;26;26243;Le Poët-Laval;03/02/2024 14:57;4300;4300;0;0;0;0;;;;;Estimées;;Malveillance;Non;;;;
2024;19304;13;13017;Boulbon;03/02/2024 15:50;20;20;0;0;0;0;;;;;Estimées;1;Involontaire (particulier);Non;;;;
2024;19033;48;48051;Le Collet-de-Dèze;03/02/2024 15:54;250;0;250;0;0;0;;;;;Mesurées;1;Involontaire (particulier);Non;;;;
2024;19035;48;48194;Vialas;03/02/2024 16:20;150000;0;150000;0;0;0;;;;;Estimées;1;Involontaire (travaux);;;;;Données partielles ou non valides
2024;28674;07;07200;Le Roux;03/02/2024 16:27;8000;8000;0;0;0;0;;;;;Estimées;3;Involontaire (travaux);Non;;;;
2024;27213;2A;2A247;Porto-Vecchio;03/02/2024 18:13;50;0;50;0;0;0;;;;;Mesurées;;;Non;;;;
2024;18875;15;15223;Sauvat;03/02/2024 19:06;500;500;;0;0;0;;;;;Estimées;;Involontaire (travaux);Non;;;;
2024;19941;31;31548;Signac;03/02/2024 19:09;40000;40000;;0;0;0;;;;;Estimées;;;Non;;;;
2024;19037;48;48116;Pont de Montvert - Sud Mont Lozère;03/02/2024 20:25;10000;0;10000;0;0;0;;;;;Estimées;1;Involontaire (travaux);Non;;;;
2024;19036;48;48053;Cubières;03/02/2024 20:35;500;0;500;0;0;0;;;;;Estimées;1;;Non;;;;
2024;520;34;34277;Saint-Maurice-Navacelles;04/02/2024 10:19;30519;0;30519;0;0;0;;;;;Mesurées;;Involontaire (travaux);Non;;;;
2024;345;2B;2B171;Muracciole;04/02/2024 10:55;1500;0;1500;0;0;0;;;;;Estimées;;;Non;;;;
2024;20546;11;11311;Ribaute;04/02/2024 12:14;8124;8124;0;0;0;0;;;;;Mesurées;;;Non;;;;
2024;27659;43;43172;Saint-Bonnet-le-Froid;04/02/2024 13:19;6000;6000;;0;0;0;;;;;Estimées;;;Non;;;;
2024;517;34;34144;Lunas;04/02/2024 15:27;32247;0;32247;0;0;0;;;;;Mesurées;1;Malveillance;Non;;;;
2024;280;04;04220;Les Thuiles;04/02/2024 15:36;12800;5300;0;7500;0;0;;;;;Mesurées;4;Involontaire (particulier);Non;;;;
2024;28845;07;07004;Ajoux;05/02/2024 12:11;13000;13000;0;0;0;0;;;;;Mesurées;3;Involontaire (particulier);Non;;;;
2024;28855;07;07093;Genestelle;05/02/2024 13:04;100000;10000;90000;0;0;0;;;;;Mesurées;5;Involontaire (particulier);Non;;;;
2024;20402;09;09287;Senconac;05/02/2024 13:43;680000;50000;;0;0;630000;;;;;Mesurées;;;Non;;;;
2024;19218;34;34144;Lunas;05/02/2024 13:46;140710;140710;0;0;0;0;;;;;Mesurées;3;Malveillance;Non;;;;
2024;347;2B;2B354;Vivario;05/02/2024 14:35;20;0;20;0;0;0;;;;;Estimées;;;Non;;;;
2024;346;2B;2B145;Loreto-di-Casinca;05/02/2024 15:08;8000;0;8000;0;0;0;;;;;Estimées;1;;Non;;;;
2024;505;34;34138;Lieuran-Cabrières;05/02/2024 15:36;5369;0;5369;0;0;0;;;;;Mesurées;1;Involontaire (travaux);Non;;;;
2024;19305;13;13112;Velaux;05/02/2024 16:55;350;350;0;0;0;0;;;;;Estimées;1;Malveillance;Non;;;;
2024;19306;13;13059;Meyrargues;06/02/2024 09:03;20;0;20;0;0;0;;;;;Estimées;1;;Non;;;;
2024;363;66;66140;Pézilla-la-Rivière;06/02/2024 10:37;3812;0;3812;0;0;0;;;;;Mesurées;;Involontaire (particulier);Non;;;;
2024;28838;07;07098;Gourdon;06/02/2024 11:30;10000;10000;0;0;0;0;;;;;Estimées;3;Involontaire (travaux);Non;;;;
2024;364;66;66058;Corneilla-la-Rivière;06/02/2024 12:11;8070;0;8070;0;0;0;;;;;Mesurées;;Involontaire (travaux);Non;;;;
2024;28676;07;07163;Montselgues;06/02/2024 14:52;180000;0;180000;0;0;0;;;;;Estimées;1;Involontaire (travaux);Non;;;;
2024;28851;07;07011;Vallées-d'Antraigues-Asperjoc;06/02/2024 19:15;30000;30000;0;0;0;0;;;;;Estimées;3;Involontaire (travaux);Non;;;;
2024;18879;15;15149;Paulhenc;07/02/2024 07:10;3000;3000;;0;0;0;;;;;Estimées;;Involontaire (travaux);Non;;;;
2024;19041;48;48194;Vialas;07/02/2024 14:07;150000;0;150000;0;0;0;;;;;Estimées;1;Involontaire (travaux);;;;;Données partielles ou non valides
2024;20554;11;11392;Tournissan;07/02/2024 14:15;21284;184;20000;0;1100;0;;;;;Mesurées;1;Involontaire (travaux);Non;;;;
2024;26997;40;40283;Saint-Vincent-de-Paul;07/02/2024 14:36;100;100;;0;0;0;;;;;Estimées;;Malveillance;Non;0;0;0;
2024;486;34;34228;Rieussec;07/02/2024 14:49;4021;0;4021;0;0;0;;;;;Mesurées;1;Malveillance;Non;;;;
2024;20555;11;11401;Tuchan;07/02/2024 15:07;6598;0;6598;0;0;0;;;;;Mesurées;1;Involontaire (travaux);Non;;;;
2024;27145;64;64320;Laruns;07/02/2024 15:13;244000;15300;;228700;0;0;;;;;Estimées;;Involontaire (travaux);Oui;1;0;0;
2024;20559;11;11265;Niort-de-Sault;07/02/2024 19:36;8100;7900;0;0;200;0;;;;;Mesurées;3;;Non;;;;
2024;360;06;06050;Coursegoules;08/02/2024 11:35;700;0;700;0;0;0;;;;;Estimées;;;Non;;;;
2024;398;2B;2B352;Ville-di-Paraso;08/02/2024 12:10;6000;0;6000;0;0;0;;;;;Estimées;;;Non;;;;
2024;19308;13;13001;Aix-en-Provence;08/02/2024 13:11;20;0;20;0;0;0;;;;;Estimées;1;;Non;;;;
2024;394;2B;2B242;Poggio-Mezzana;08/02/2024 13:12;60000;0;60000;0;0;0;;;;;Estimées;1;;Non;;;;
2024;478;34;34056;Castelnau-de-Guers;08/02/2024 13:56;18366;0;18366;0;0;0;;;;;Mesurées;1;Malveillance;Non;;;;
2024;28718;07;07286;Saint-Pierreville;08/02/2024 14:12;1;1;0;0;0;0;;;;;Estimées;3;Naturelle;Non;;;;
2024;558;06;06156;Venanson;08/02/2024 15:35;83200;44300;38800;52;0;48;;;;;Mesurées;5;Malveillance;Non;;;;
2024;560;06;06156;Venanson;08/02/2024 15:35;14000;4700;9300;0;0;0;;;;;Mesurées;5;Malveillance;Non;;;;
2024;559;06;06156;Venanson;08/02/2024 15:35;79333;26290;53000;43;0;0;;;;;Mesurées;1;Malveillance;Non;;;;
2024;19042;48;48144;Sainte-Croix-Vallée-Française;08/02/2024 16:50;20200;19800;400;0;0;0;;;;;Mesurées;5;Involontaire (particulier);;;;;Données partielles ou non valides
2024;28675;07;07200;Le Roux;08/02/2024 17:20;50000;0;50000;0;0;0;;;;;Estimées;1;Involontaire (travaux);Non;;;;
2024;19043;48;48098;Molezon;08/02/2024 17:55;4500;500;0;4000;0;0;;;;;Estimées;1;Involontaire (particulier);Non;;;;
2024;19307;13;13059;Meyrargues;08/02/2024 18:07;40;0;40;0;0;0;;;;;Estimées;1;;Non;;;;
2024;473;34;34214;Pouzolles;08/02/2024 18:27;14903;0;14903;0;0;0;;;;;Mesurées;1;Malveillance;Non;;;;
2024;396;2B;2B179;Novale;08/02/2024 18:31;10000;0;10000;0;0;0;;;;;Estimées;1;;Non;;;;
2024;27214;2A;2A041;Bonifacio;08/02/2024 18:43;1000;0;1000;0;0;0;;;;;Mesurées;;;Non;;;;
2024;29623;25;25321;Villers-le-Lac;08/02/2024 21:17;100;100;;0;0;0;;;;;Estimées;;;Non;0;0;0;
2024;19131;13;13055;Marseille;09/02/2024 03:25;50;0;50;0;0;0;;;;;Estimées;1;;Non;;;;
2024;379;66;66195;Le Soler;10/02/2024 14:01;1000;1000;0;0;0;0;;;;;Estimées;;Involontaire (particulier);Non;;;;
2024;19310;13;13001;Aix-en-Provence;11/02/2024 16:10;300;300;0;0;0;0;;;;;Estimées;1;Involontaire (particulier);Non;;;;
2024;466;34;34092;Cruzy;11/02/2024 18:47;1418;1418;0;0;0;0;;;;;Mesurées;1;Malveillance;Non;;;;
2024;28785;07;07334;Les Vans;12/02/2024 18:26;30;30;0;0;0;0;;;;;Estimées;3;Involontaire (travaux);Non;;;;
2024;548;2B;2B138;Lavatoggio;13/02/2024 18:16;2000;0;2000;0;0;0;;;;;Estimées;;;Non;;;;
2024;445;66;66166;Sahorre;14/02/2024 12:46;500;500;0;0;0;0;;;;;Estimées;;Involontaire (particulier);Non;;;;
2024;550;2B;2B242;Poggio-Mezzana;14/02/2024 14:55;300;0;300;0;0;0;;;;;Estimées;;;Non;;;;
2024;549;2B;2B234;Piobetta;14/02/2024 14:55;4500;0;4500;0;0;0;;;;;Estimées;;;Non;;;;
2024;20583;11;11110;Coustouge;15/02/2024 02:09;100;0;100;0;0;0;;;;;Mesurées;1;Involontaire (travaux);Non;;;;
2024;551;2B;2B096;Corte;15/02/2024 12:07;100;0;100;0;0;0;;;;;Estimées;;;Non;;;;
2024;554;2B;2B317;Santa-Reparata-di-Moriani;16/02/2024 11:22;30000;0;30000;0;0;0;;;;;Estimées;1;;Non;;;;
2024;555;2B;2B083;Castirla;17/02/2024 05:35;50;0;50;0;0;0;;;;;Estimées;;;Non;;;;
2024;29617;25;25157;La Cluse-et-Mijoux;17/02/2024 14:11;100;100;;0;0;0;;;;;Estimées;;;Non;0;0;0;
2024;27215;2A;2A362;Zonza;17/02/2024 14:21;500;0;500;0;0;0;;;;;Mesurées;;Involontaire (particulier);Non;;;;
2024;19132;13;13055;Marseille;17/02/2024 15:09;100;0;100;0;0;0;;;;;Estimées;1;;Non;;;;
2024;29616;25;25056;Besançon;18/02/2024 00:11;100;100;;0;0;0;;;;;Estimées;;;Non;0;0;0;
2024;29615;25;25495;Roche-lez-Beaupré;18/02/2024 10:21;100;100;;0;0;0;;;;;Estimées;;;Non;0;0;0;
2024;561;06;06050;Coursegoules;18/02/2024 12:04;2000;0;2000;0;0;0;;;;;Estimées;1;Malveillance;Non;;;;
2024;590;2B;2B051;Cambia;18/02/2024 12:08;50000;0;50000;0;0;0;;;;;Estimées;1;;Non;;;;
2024;440;04;04237;Le Vernet;18/02/2024 18:27;500;500;0;0;0;0;;;;;Estimées;;Involontaire (travaux);Non;;;;
2024;591;2B;2B036;Bigorno;18/02/2024 19:32;30000;0;30000;0;0;0;;;;;Estimées;1;;Non;;;;
2024;19311;13;13094;Saint-Étienne-du-Grès;19/02/2024 10:06;60;60;0;0;0;0;;;;;Mesurées;1;;Non;;;;
2024;19312;13;13058;Maussane-les-Alpilles;19/02/2024 13:56;2000;2000;0;0;0;0;;;;;Estimées;1;Involontaire (travaux);Non;;;;
2024;673;04;04081;Esparron-de-Verdon;19/02/2024 14:05;18300;18300;0;0;0;0;;;;;Mesurées;6;Involontaire (travaux);Non;;;;
2024;649;34;34058;Castries;19/02/2024 15:30;852;852;0;0;0;0;;;;;Estimées;1;Malveillance;Non;;;;
2024;18972;30;30114;Fontanès;19/02/2024 17:17;2433;2433;0;0;0;0;;;;;Mesurées;;;Non;;;;
2024;27217;2A;2A004;Ajaccio;20/02/2024 09:06;4;0;4;0;0;0;;;;;Estimées;;;Non;;;;
2024;592;2B;2B260;Riventosa;20/02/2024 09:21;200;0;200;0;0;0;;;;;Estimées;;;Non;;;;
2024;566;66;66233;Vivès;20/02/2024 11:16;1000;1000;0;0;0;0;;;;;Estimées;;Involontaire (particulier);Non;;;;
2024;567;66;66108;Millas;20/02/2024 11:45;3000;3000;0;0;0;0;;;;;Estimées;;;Non;;;;
2024;27216;2A;2A200;Palneca;20/02/2024 12:48;700;0;700;0;0;0;;;;;Mesurées;;;Non;;;;
2024;595;2B;2B280;Silvareccio;20/02/2024 15:02;15000;0;15000;0;0;0;;;;;Estimées;1;;Non;;;;
2024;571;66;66003;Amélie-les-Bains-Palalda;20/02/2024 16:00;800;800;0;0;0;0;;;;;Estimées;;Malveillance;Non;;;;
2024;20596;11;11198;Laure-Minervois;20/02/2024 17:03;5;0;5;0;0;0;;;;;Mesurées;1;Involontaire (particulier);Non;;;;
2024;640;34;34062;Caussiniojouls;20/02/2024 19:07;5479;0;5479;0;0;0;;;;;Mesurées;1;Malveillance;Non;;;;
2024;562;06;06031;Cantaron;21/02/2024 10:11;5000;0;5000;0;0;0;;;;;Estimées;4;Accidentelle;Non;;;;
2024;600;2B;2B318;Taglio-Isolaccio;21/02/2024 12:04;120000;0;120000;0;0;0;;;;;Estimées;1;;Non;;;;
2024;638;34;34245;Saint-Chinian;21/02/2024 15:11;22526;22526;0;0;0;0;;;;;Mesurées;1;Involontaire (travaux);Non;;;;
2024;578;66;66179;Saint-Laurent-de-Cerdans;21/02/2024 17:38;30;30;0;0;0;0;;;;;Estimées;;Malveillance;Non;;;;
2024;27218;2A;2A359;Zicavo;21/02/2024 18:33;40;0;40;0;0;0;;;;;Mesurées;;;Non;;;;
2024;580;66;66216;Trilla;21/02/2024 21:29;2290;0;2290;0;0;0;;;;;Mesurées;;Malveillance;Non;;;;
2024;605;2B;2B205;Patrimonio;22/02/2024 18:19;1500;0;1500;0;0;0;;;;;Estimées;;;Non;;;;
2024;18747;2B;2B302;San-Giovanni-di-Moriani;23/02/2024 01:06;80000;0;80000;0;0;0;;;;;Estimées;1;;Non;;;;
2024;18748;2B;2B343;Venzolasca;23/02/2024 07:53;100;0;100;0;0;0;;;;;Estimées;;;Non;;;;
2024;18749;2B;2B205;Patrimonio;23/02/2024 11:26;500;0;500;0;0;0;;;;;Estimées;;;Non;;;;
2024;18750;2B;2B245;Porri;23/02/2024 13:51;40000;0;40000;0;0;0;;;;;Estimées;1;;Non;;;;
2024;18755;2B;2B242;Poggio-Mezzana;24/02/2024 06:44;3150;0;3150;0;0;0;;;;;Estimées;;;Non;;;;
2024;612;34;34269;Saint-Jean-de-Minervois;24/02/2024 10:34;5;5;0;0;0;0;;;;;Estimées;;Malveillance;Non;;;;
2024;18756;2B;2B242;Poggio-Mezzana;24/02/2024 11:45;1000;0;1000;0;0;0;;;;;Estimées;;;Non;;;;
2024;611;34;34218;Prades-sur-Vernazobre;24/02/2024 12:32;827;827;0;0;0;0;;;;;Mesurées;;Malveillance;Non;;;;
2024;18757;2B;2B265;Rutali;24/02/2024 12:37;3500;0;3500;0;0;0;;;;;Estimées;;;Non;;;;
2024;18758;2B;2B234;Piobetta;24/02/2024 13:17;20;0;20;0;0;0;;;;;Estimées;;;Non;;;;
2024;18759;2B;2B281;Sisco;24/02/2024 14:14;20;0;20;0;0;0;;;;;Estimées;;;Non;;;;
2024;19314;13;13092;Saint-Chamas;24/02/2024 14:29;50;50;0;0;0;0;;;;;Estimées;1;;Non;;;;
2024;20612;11;11210;Luc-sur-Orbieu;24/02/2024 17:45;25;0;25;0;0;0;;;;;Mesurées;1;Accidentelle;Non;;;;
2024;18760;2B;2B230;Piève;26/02/2024 12:17;2000;0;2000;0;0;0;;;;;Estimées;;;Non;;;;
2024;19366;74;74031;Beaumont;27/02/2024 11:34;50;50;;0;0;0;;;;;Estimées;;Involontaire (travaux);Non;;;;
2024;28831;07;07187;Prunet;28/02/2024 15:24;3000;3000;0;0;0;0;;;;;Estimées;3;Involontaire (travaux);Non;;;;
2024;19315;13;13067;Orgon;29/02/2024 13:14;150;150;0;0;0;0;;;;;Estimées;1;Involontaire (particulier);Non;;;;
2024;20620;11;11144;Fitou;29/02/2024 17:59;15;0;15;0;0;0;;;;;Mesurées;;Accidentelle;Non;;;;
2024;27802;84;84123;Sault;02/03/2024 13:27;10100;7300;0;0;0;2800;;;;;Mesurées;;;Non;;;;
2024;18990;30;30258;Saint-Gilles;02/03/2024 15:10;1000;1000;0;0;0;0;;;;;Estimées;;;Non;;;;
2024;22477;88;88094;Châtel-sur-Moselle;07/03/2024 14:50;100;100;;0;0;0;;;;;Estimées;;;Non;;;;
2024;18702;06;06074;Lantosque;07/03/2024 15:48;2500;0;2500;0;0;0;;;;;Estimées;;;Non;;;;
2024;20631;11;11397;Trèbes;08/03/2024 16:45;18;0;18;0;0;0;;;;;Mesurées;;Accidentelle;Non;;;;
2024;19133;13;13055;Marseille;12/03/2024 12:40;100;0;100;0;0;0;;;;;Estimées;1;;Non;;;;
2024;19067;66;66179;Saint-Laurent-de-Cerdans;13/03/2024 11:32;75000;75000;0;0;0;0;;;;;Mesurées;;Involontaire (particulier);Non;;;;
2024;18812;34;34178;Murviel-lès-Béziers;13/03/2024 14:47;10915;10915;0;0;0;0;;;;;Mesurées;1;Involontaire (travaux);Non;;;;
2024;20636;11;11256;Montséret;13/03/2024 21:07;800;200;0;0;600;0;;;;;Mesurées;1;Accidentelle;Non;;;;
2024;29596;25;25485;Rémondans-Vaivre;14/03/2024 10:39;100;100;;0;0;0;;;;;Estimées;;;Non;0;0;0;
2024;18802;34;34319;Vailhan;15/03/2024 16:21;5129;5129;0;0;0;0;;;;;Mesurées;3;Involontaire (travaux);Non;;;;
2024;18801;34;34013;Aspiran;15/03/2024 17:07;53993;0;53993;0;0;0;;;;;Mesurées;1;Involontaire (travaux);Non;;;;
2024;26999;40;40227;Pissos;16/03/2024 08:00;50;50;;0;0;0;;;;;Estimées;;Involontaire (travaux);Non;0;0;0;
2024;18783;06;06163;Tende;16/03/2024 15:07;50;0;50;0;0;0;;;;;Estimées;;Involontaire (particulier);Non;;;;
2024;19044;48;48092;Marvejols;16/03/2024 15:10;1724;24;0;0;1700;0;;;;;Mesurées;1;;Non;;;;
2024;19316;13;13091;Saint-Cannat;16/03/2024 16:45;2;2;0;0;0;0;;;;;Estimées;1;Malveillance;Non;;;;
2024;20641;11;11122;Douzens;18/03/2024 01:14;10;0;10;0;0;0;;;;;Mesurées;;Accidentelle;Non;;;;
2024;27003;40;40312;Tarnos;18/03/2024 07:06;50;50;;0;0;0;;;;;Estimées;;Accidentelle;Non;0;0;0;
2024;27002;40;40134;Labouheyre;18/03/2024 15:24;4483;4483;;0;0;0;;;;;Mesurées;;Accidentelle;Non;0;0;0;
2024;18852;34;34178;Murviel-lès-Béziers;19/03/2024 11:50;722;722;0;0;0;0;;;;;Mesurées;1;Malveillance;Non;;;;
2024;18762;2B;2B143;Linguizzetta;19/03/2024 14:37;30;0;30;0;0;0;;;;;Estimées;;;Non;;;;
2024;18999;30;30028;Bagnols-sur-Cèze;19/03/2024 16:15;132;132;0;0;0;0;;;;;Mesurées;4;Accidentelle;Non;;;;
2024;20647;11;11258;Moussan;19/03/2024 18:22;4000;4000;0;0;0;0;;;;;Mesurées;;Involontaire (travaux);Non;;;;
2024;28765;07;07313;Serrières;19/03/2024 19:56;10;0;10;0;0;0;;;;;Estimées;5;;Non;;;;
2024;18847;34;34270;Saint-Jean-de-Védas;20/03/2024 08:12;13;0;13;0;0;0;;;;;Mesurées;1;;Non;;;;
2024;27824;84;84089;Pertuis;20/03/2024 12:30;47000;2300;0;0;0;44700;;;;;Mesurées;;;Non;;;;
2024;26881;24;24520;Sarlat-la-Canéda;20/03/2024 15:00;300;300;;0;0;0;;;;;Estimées;;Malveillance;Non;0;0;0;
2024;18763;2B;2B039;Bisinchi;20/03/2024 16:17;5000;0;5000;0;0;0;;;;;Estimées;1;;Non;;;;
2024;19317;13;13092;Saint-Chamas;20/03/2024 18:04;300;300;0;0;0;0;;;;;Estimées;1;Involontaire (particulier);Non;;;;
2024;27250;03;03271;Serbannes;20/03/2024 18:12;20000;20000;;0;0;0;;;;;Mesurées;;;Non;;;;
2024;23273;38;38106;Cholonge;20/03/2024 18:31;1;1;;0;0;0;;;;;Estimées;;;Non;;;;
2024;18764;2B;2B346;Vescovato;20/03/2024 19:00;2000;0;2000;0;0;0;;;;;Estimées;;;Non;;;;
2024;18844;34;34132;Lauroux;21/03/2024 11:27;1036;1036;0;0;0;0;;;;;Mesurées;1;Involontaire (particulier);Non;;;;
2024;18842;34;34286;Saint-Privat;21/03/2024 13:54;7941;0;7941;0;0;0;;;;;Mesurées;1;Involontaire (particulier);Non;;;;
2024;19313;13;13094;Saint-Étienne-du-Grès;21/03/2024 14:35;60;60;0;0;0;0;;;;;Estimées;1;;Non;;;;
2024;22218;971;97122;Port-Louis;21/03/2024 15:00;71400;7000;;64400;0;0;;;;;Mesurées;;Malveillance;Non;;;;Données partielles ou non valides
2024;20651;11;11125;Embres-et-Castelmaure;21/03/2024 15:33;11800;0;11800;0;0;0;;;;;Mesurées;1;Involontaire (travaux);Non;;;;
2024;28853;07;07144;Loubaresse;21/03/2024 15:38;60000;0;60000;0;0;0;;;;;Estimées;5;Involontaire (travaux);Non;;;;
2024;19137;04;04116;Les Mées;21/03/2024 18:25;80;0;80;0;0;0;;;;;Mesurées;1;;Non;;;;
2024;18765;2B;2B356;Zalana;22/03/2024 12:10;100;0;100;0;0;0;;;;;Estimées;;;Non;;;;
2024;28837;07;07093;Genestelle;22/03/2024 14:59;8000;0;8000;0;0;0;;;;;Estimées;5;Involontaire (travaux);Non;;;;
2024;28846;07;07096;Gluiras;22/03/2024 16:02;15000;15000;0;0;0;0;;;;;Estimées;3;Involontaire (travaux);Non;;;;
2024;27829;84;84130;Suzette;22/03/2024 16:13;647;647;0;0;0;0;;;;;Mesurées;;Involontaire (travaux);Non;;;;
2024;19045;48;48028;Les Bondons;22/03/2024 18:46;61700;1800;0;59900;0;0;;;;;Mesurées;1;Malveillance;;;;;Données partielles ou non valides
2024;28800;07;07166;Nozières;22/03/2024 18:51;100;100;0;0;0;0;;;;;Estimées;3;;Non;;;;
2024;18768;2B;2B167;Montegrosso;23/03/2024 10:52;10;0;10;0;0;0;;;;;Estimées;;;Non;;;;
2024;18836;34;34286;Saint-Privat;23/03/2024 11:20;2905;0;2905;0;0;0;;;;;Mesurées;1;Involontaire (particulier);Non;;;;
2024;18835;34;34093;Dio-et-Valquières;23/03/2024 11:33;5257;0;5257;0;0;0;;;;;Mesurées;1;Malveillance;Non;;;;
2024;18772;2B;2B073;Casamaccioli;23/03/2024 11:59;800000;0;800000;0;0;0;;;;;Estimées;1;Malveillance;Non;;;;
2024;18771;2B;2B073;Casamaccioli;23/03/2024 11:59;150000;0;150000;0;0;0;;;;;Estimées;1;;Non;;;;
2024;26055;972;97213;Le Lamentin;23/03/2024 13:08;200;200;;0;0;0;;;;;Estimées;;Involontaire (travaux);Non;;;;
2024;18774;2B;2B210;Pero-Casevecchie;23/03/2024 13:48;15000;15000;0;0;0;0;;;;;Estimées;;;Non;;;;
2024;19046;48;48127;Monts-de-Randon;23/03/2024 15:02;3901;1;0;3900;0;0;;;;;Mesurées;1;Involontaire (particulier);Non;;;;
2024;28921;19;19227;Saint-Mexant;23/03/2024 15:12;400;400;;0;0;0;;;;;Estimées;;Involontaire (travaux);Non;0;0;0;
2024;19094;66;66127;Opoul-Périllos;23/03/2024 17:14;6230;0;6230;0;0;0;;;;;Mesurées;;Accidentelle;Non;;;;
2024;19134;30;30051;Branoux-les-Taillades;23/03/2024 23:43;316;316;0;0;0;0;;;;;Mesurées;3;;Non;;;;
2024;19135;30;30051;Branoux-les-Taillades;23/03/2024 23:43;367;367;0;0;0;0;;;;;Mesurées;3;;Non;;;;
2024;27834;84;84047;Gargas;24/03/2024 00:16;400;400;0;0;0;0;;;;;Estimées;;;Non;;;;
2024;18775;2B;2B227;Pietricaggio;24/03/2024 05:32;10000;0;10000;0;0;0;;;;;Estimées;1;;Non;;;;
2024;19318;13;13084;La Roque-d'Anthéron;24/03/2024 08:12;400;400;0;0;0;0;;;;;Estimées;1;Involontaire (particulier);Non;;;;
2024;27838;84;84047;Gargas;24/03/2024 10:47;1;1;0;0;0;0;;;;;Estimées;;;Non;;;;
2024;18824;34;34178;Murviel-lès-Béziers;24/03/2024 11:01;4375;4375;0;0;0;0;;;;;Mesurées;1;Malveillance;Non;;;;
2024;18776;2B;2B356;Zalana;24/03/2024 12:09;20000;0;20000;0;0;0;;;;;Estimées;1;;Non;;;;
2024;18777;2B;2B281;Sisco;24/03/2024 13:10;1500;0;1500;0;0;0;;;;;Estimées;;;Non;;;;
2024;23194;38;38111;Claix;24/03/2024 13:12;1;1;;0;0;0;;;;;Estimées;;;Non;;;;
2024;18778;2B;2B112;Feliceto;24/03/2024 15:27;15000;0;15000;0;0;0;;;;;Estimées;1;;Non;;;;
2024;18780;2B;2B145;Loreto-di-Casinca;24/03/2024 16:16;50;0;50;0;0;0;;;;;Estimées;;;Non;;;;
2024;18781;2B;2B123;Ghisonaccia;24/03/2024 19:28;100;0;100;0;0;0;;;;;Estimées;;;Non;;;;
2024;18782;2B;2B042;Borgo;24/03/2024 19:29;1000;0;1000;0;0;0;;;;;Estimées;;;Non;;;;
2024;20659;11;11393;Tourouzelle;25/03/2024 11:51;500;0;500;0;0;0;;;;;Mesurées;1;Involontaire (particulier);Non;;;;
2024;28733;07;07286;Saint-Pierreville;25/03/2024 12:04;2;2;0;0;0;0;;;;;Estimées;3;Involontaire (travaux);Non;;;;
2024;28839;07;07315;La Souche;25/03/2024 12:08;10000;10000;0;0;0;0;;;;;Estimées;3;Involontaire (particulier);Non;;;;
2024;27005;40;40224;Peyrehorade;25/03/2024 15:08;1;1;;0;0;0;;;;;Estimées;;;Non;0;0;0;
2024;20662;11;11433;Villeneuve-Minervois;27/03/2024 10:15;20;0;20;0;0;0;;;;;Mesurées;;Involontaire (travaux);Non;;;;
2024;19050;2B;2B242;Poggio-Mezzana;28/03/2024 13:25;60000;0;60000;0;0;0;;;;;Estimées;1;;Non;;;;
2024;27096;64;64227;Gabaston;28/03/2024 21:04;180;20;;0;0;160;;;;;Estimées;;Involontaire (particulier);Non;0;0;0;
2024;20664;11;11148;Fontcouverte;29/03/2024 17:19;100;0;100;0;0;0;;;;;Mesurées;;Accidentelle;Non;;;;
2024;26067;972;97213;Le Lamentin;29/03/2024 17:47;1000;1000;;0;0;0;;;;;Estimées;;;Non;;;;
2024;18898;15;15153;Pleaux;29/03/2024 20:05;1000;1000;;0;0;0;;;;;Estimées;;Naturelle;Non;;;;
2024;19053;2B;2B184;Olcani;31/03/2024 15:26;200;0;200;0;0;0;;;;;Estimées;;;Non;;;;
2024;27686;51;51569;Thillois;31/03/2024 23:10;5;5;;0;0;0;;;;;Estimées;;;Non;;;;Données partielles ou non valides
2024;20669;11;11379;Sigean;03/04/2024 15:33;1000;1000;0;0;0;0;;;;;Mesurées;;;Non;;;;
2024;19056;2B;2B195;Ortiporio;03/04/2024 16:43;100;0;100;0;0;0;;;;;Estimées;;;Non;;;;
2024;19057;2B;2B145;Loreto-di-Casinca;03/04/2024 18:44;15000;0;15000;0;0;0;;;;;Estimées;1;;Non;;;;
2024;27007;40;40155;Linxe;04/04/2024 14:36;500;500;;0;0;0;;;;;Estimées;;;Oui;0;1;0;
2024;19121;66;66019;Bélesta;04/04/2024 14:42;4000;0;4000;0;0;0;;;;;Estimées;;Involontaire (particulier);Non;;;;
2024;23197;38;38347;Roybon;04/04/2024 16:13;5000;5000;;0;0;0;;;;;Estimées;;Malveillance;Non;;;;
2024;27006;40;40134;Labouheyre;04/04/2024 20:05;2;2;;0;0;0;;;;;Estimées;;Involontaire (particulier);Non;0;0;0;
2024;19143;04;04174;Saint-Benoît;05/04/2024 11:48;86400;86400;0;0;0;0;;;;;Mesurées;3;Accidentelle;Non;;;;
2024;26886;24;24205;Grignols;05/04/2024 15:17;1000;1000;;0;0;0;;;;;Estimées;;Accidentelle;Non;0;0;0;
2024;19047;48;48053;Cubières;05/04/2024 19:38;24900;13300;0;0;0;11600;;;;;Mesurées;1;Involontaire (travaux);;;;;Données partielles ou non valides
2024;19048;48;48053;Cubières;06/04/2024 01:00;150;0;150;0;0;0;;;;;Estimées;1;Involontaire (travaux);Non;;;;
2024;28841;07;07209;Saint-Andéol-de-Fourchades;06/04/2024 11:43;10000;0;10000;0;0;0;;;;;Estimées;5;Involontaire (travaux);Non;;;;
2024;19059;2B;2B167;Montegrosso;06/04/2024 11:57;4000;0;4000;0;0;0;;;;;Estimées;;;Non;;;;
2024;26633;87;87065;Feytiat;06/04/2024 12:03;20;20;;0;0;0;;;;;Mesurées;;;Non;0;0;0;
2024;19225;39;39339;Chassal-Molinges;06/04/2024 15:21;80000;80000;;0;0;0;;;;;Estimées;;;Non;;;;
2024;20670;11;11129;Espéraza;06/04/2024 15:41;5000;0;5000;0;0;0;;;;;Mesurées;;;Non;;;;
2024;28919;19;19130;Maussac;06/04/2024 17:06;500;500;;0;0;0;;;;;Estimées;;Involontaire (travaux);Non;0;0;0;
2024;27099;64;64256;Hasparren;06/04/2024 19:12;200;200;;0;0;0;;;;;Estimées;;;Non;0;0;0;
2024;28330;07;07315;La Souche;06/04/2024 21:45;15000;0;15000;0;0;0;;;;;Estimées;1;Involontaire (particulier);Oui;1;0;0;
2024;27850;84;84101;La Roque-sur-Pernes;06/04/2024 22:55;1;1;0;0;0;0;;;;;Estimées;;Involontaire (particulier);Non;;;;
2024;19319;13;13001;Aix-en-Provence;06/04/2024 23:54;10;10;0;0;0;0;;;;;Estimées;1;Involontaire (particulier);Non;;;;
2024;20070;63;63468;Vollore-Montagne;07/04/2024 11:03;350;350;;0;0;0;;;;;Estimées;;;Non;;;;
2024;27852;84;84047;Gargas;07/04/2024 16:30;200;200;0;0;0;0;;;;;Estimées;;;Non;;;;
2024;27219;2A;2A310;Santa-Maria-Figaniella;08/04/2024 12:35;1500;0;1500;0;0;0;;;;;Mesurées;;;Non;;;;
2024;19049;81;81128;Lacrouzette;08/04/2024 12:59;100;100;;0;0;0;;;;;Estimées;;Accidentelle;Non;;;;
2024;19144;04;04047;Champtercier;08/04/2024 13:03;19700;19700;0;0;0;0;;;;;Mesurées;5;Accidentelle;Non;;;;
2024;23271;38;38410;Saint-Lattier;08/04/2024 14:17;200;200;;0;0;0;;;;;Estimées;;Involontaire (travaux);Non;;;;
2024;19142;06;06049;Courmes;08/04/2024 16:28;3000;0;3000;0;0;0;;;;;Estimées;1;Malveillance;Non;;;;
2024;19278;26;26043;Beauvoisin;08/04/2024 16:31;50;50;0;0;0;0;;;;;Estimées;;Accidentelle;Non;;;;
2024;26888;24;24147;Cubjac-Auvézère-Val d'Ans;08/04/2024 16:36;1000;1000;;0;0;0;;;;;Estimées;;Malveillance;Non;0;0;0;
2024;19227;2B;2B069;Casabianca;08/04/2024 18:11;300;0;300;0;0;0;;;;;Estimées;;;Non;;;;
2024;19320;13;13063;Miramas;08/04/2024 18:33;20;20;0;0;0;0;;;;;Estimées;1;Accidentelle;Non;;;;
2024;19343;15;15082;Junhac;08/04/2024 19:30;80000;30000;;50000;0;0;;;;;Estimées;;Involontaire (travaux);Non;;;;
2024;23198;38;38126;Corenc;08/04/2024 20:23;100;100;;0;0;0;;;;;Estimées;;;Non;;;;
2024;19344;15;15025;Albepierre-Bredons;08/04/2024 21:00;500;500;;0;0;0;;;;;Estimées;;Involontaire (travaux);Non;;;;
2024;19228;2B;2B037;Biguglia;09/04/2024 20:05;4000;0;4000;0;0;0;;;;;Estimées;;;Non;;;;
2024;20099;56;56006;Augan;09/04/2024 21:13;50;50;;0;0;0;;;;;Estimées;;;Non;;;;
2024;27857;84;84083;Mornas;10/04/2024 10:28;1;1;0;0;0;0;;;;;Estimées;;;Non;;;;
2024;19323;13;13033;Ensuès-la-Redonne;10/04/2024 13:58;300;300;0;0;0;0;;;;;Estimées;1;Involontaire (particulier);Non;;;;
2024;19321;13;13067;Orgon;10/04/2024 15:07;200;200;0;0;0;0;;;;;Estimées;1;Accidentelle;Non;;;;
2024;19322;13;13048;Jouques;10/04/2024 17:07;50;50;0;0;0;0;;;;;Estimées;1;Malveillance;Non;;;;
2024;19189;04;04230;Valensole;11/04/2024 15:59;1400;1400;0;0;0;0;;;;;Estimées;;;Non;;;;
2024;19200;66;66049;Céret;11/04/2024 16:01;1;1;0;0;0;0;;;;;Estimées;;Malveillance;Non;;;;
2024;20676;11;11244;Montfort-sur-Boulzane;11/04/2024 16:27;4;4;0;0;0;0;;;;;Mesurées;;Involontaire (particulier);Non;;;;
2024;20075;63;63162;Fournols;11/04/2024 19:26;20;20;;0;0;0;;;;;Estimées;;;Non;;;;
2024;19336;13;13063;Miramas;12/04/2024 10:55;20;20;0;0;0;0;;;;;Estimées;1;Accidentelle;Non;;;;
2024;19788;972;97212;Gros-Morne;12/04/2024 13:27;90;70;;20;0;0;;;;;Estimées;;Involontaire (travaux);Non;;;;
2024;19229;2B;2B087;Cervione;12/04/2024 13:34;1000;0;1000;0;0;0;;;;;Estimées;;;Non;;;;
2024;26128;972;97207;Ducos;12/04/2024 13:54;5;5;;0;0;0;;;;;Estimées;;Involontaire (travaux);Non;;;;
2024;20347;67;67324;Niederbronn-les-Bains;12/04/2024 15:27;20000;20000;;0;0;0;;;;;Mesurées;;;Non;;;;
2024;25950;73;73257;Les Belleville;12/04/2024 15:58;300;300;;0;0;0;;;;;Mesurées;;;;;;;Données partielles ou non valides
2024;28817;07;07200;Le Roux;12/04/2024 20:20;500;500;0;0;0;0;;;;;Estimées;3;;Non;;;;
2024;19335;13;13101;Saint-Savournin;13/04/2024 01:46;20;20;0;0;0;0;;;;;Estimées;1;Involontaire (particulier);Non;;;;
2024;19205;66;66079;Finestret;13/04/2024 12:12;1000;1000;0;0;0;0;;;;;Estimées;;Accidentelle;Non;;;;
2024;28852;07;07153;Mayres;13/04/2024 12:55;40000;0;40000;0;0;0;;;;;Estimées;5;Involontaire (travaux);Non;;;;
2024;25812;72;72158;Lavaré;13/04/2024 14:15;60000;60000;;0;0;0;;;;;Estimées;;;Non;;;;
2024;19334;13;13040;Fuveau;13/04/2024 15:24;30;30;0;0;0;0;;;;;Estimées;1;Involontaire (particulier);Non;;;;
2024;19332;13;13045;Graveson;13/04/2024 17:01;30;30;0;0;0;0;;;;;Estimées;1;Involontaire (particulier);Non;;;;
2024;19230;2B;2B206;Penta-Acquatella;13/04/2024 17:12;6000;0;6000;0;0;0;;;;;Estimées;1;Malveillance;Non;;;;
2024;28349;30;30137;Lamelouze;13/04/2024 17:40;1000;1000;;;;;;;;;Estimées;;Involontaire (travaux);Non;;;;
2024;28804;07;07015;Arras-sur-Rhône;13/04/2024 19:46;200;200;0;0;0;0;;;;;Estimées;3;Involontaire (travaux);Non;;;;
2024;19333;13;13041;Gardanne;13/04/2024 20:33;100;100;0;0;0;0;;;;;Estimées;1;Malveillance;Non;;;;
2024;26571;23;23025;Bonnat;13/04/2024 21:37;500;500;;0;0;0;;;;;Estimées;;Involontaire (particulier);Non;0;0;0;
2024;19210;66;66138;Peyrestortes;14/04/2024 03:16;400;400;0;0;0;0;;;;;Estimées;;Malveillance;Non;;;;
2024;27220;2A;2A040;Bocognano;14/04/2024 11:25;50;0;50;0;0;0;;;;;Estimées;;;Non;;;;
2024;27221;2A;2A154;Marignana;14/04/2024 12:00;100;0;100;0;0;0;;;;;Mesurées;;Malveillance;Non;;;;
2024;27222;2A;2A103;Cuttoli-Corticchiato;14/04/2024 12:50;10;0;10;0;0;0;;;;;Estimées;;;Non;;;;
2024;20101;56;56143;Muzillac;14/04/2024 14:37;300;300;;0;0;0;;;;;Estimées;;;Non;;;;
2024;19226;48;48075;Ispagnac;14/04/2024 16:20;65200;18100;0;0;0;47100;;;;;Mesurées;1;Involontaire (travaux);;;;;Données partielles ou non valides
2024;19231;2B;2B229;Pietroso;15/04/2024 20:41;2500;0;2500;0;0;0;;;;;Estimées;;;Non;;;;
2024;19232;2B;2B124;Ghisoni;16/04/2024 06:46;300;0;300;0;0;0;;;;;Estimées;;Malveillance;Non;;;;
2024;20116;13;13104;Sausset-les-Pins;16/04/2024 11:47;5;5;0;0;0;0;;;;;Estimées;1;Involontaire (particulier);Non;;;;
2024;19331;13;13104;Sausset-les-Pins;16/04/2024 11:47;5;5;0;0;0;0;;;;;Estimées;1;Involontaire (particulier);Non;;;;
2024;19233;2B;2B093;Corbara;16/04/2024 13:40;1500;0;1500;0;0;0;;;;;Estimées;;;Non;;;;
2024;20688;11;11259;Moussoulens;16/04/2024 14:09;400;0;400;0;0;0;;;;;Mesurées;1;Involontaire (particulier);Non;;;;
2024;20689;11;11395;Trassanel;16/04/2024 15:14;100;0;100;0;0;0;;;;;Mesurées;;Involontaire (particulier);Non;;;;
2024;20117;13;13014;Berre-l'Étang;16/04/2024 19:48;200;200;0;0;0;0;;;;;Estimées;1;Accidentelle;Non;;;;
2024;19330;13;13001;Aix-en-Provence;16/04/2024 19:48;200;200;0;0;0;0;;;;;Estimées;1;Accidentelle;Non;;;;
2024;19410;66;66075;Eyne;17/04/2024 11:22;5;5;0;0;0;0;;;;;Estimées;;Involontaire (travaux);Non;;;;
2024;20696;11;11262;Narbonne;17/04/2024 17:12;7500;0;7500;0;0;0;;;;;Mesurées;;;Non;;;;
2024;19472;34;34188;Olmet-et-Villecun;18/04/2024 12:10;735;735;0;0;0;0;;;;;Mesurées;4;Malveillance;Non;;;;
2024;19264;34;34188;Olmet-et-Villecun;18/04/2024 12:10;1;1;0;0;0;0;;;;;Mesurées;4;Malveillance;Non;;;;
2024;19470;34;34188;Olmet-et-Villecun;18/04/2024 12:10;253;253;0;0;0;0;;;;;Mesurées;4;Malveillance;Non;;;;
2024;19471;34;34188;Olmet-et-Villecun;18/04/2024 12:10;4416;4416;0;0;0;0;;;;;Mesurées;3;Malveillance;Non;;;;
2024;19473;34;34188;Olmet-et-Villecun;18/04/2024 12:10;1082;1082;0;0;0;0;;;;;Mesurées;4;Malveillance;Non;;;;
2024;20102;56;56172;Plumelec;18/04/2024 18:30;5000;5000;;0;0;0;;;;;Estimées;;;Non;;;;
2024;19301;13;13055;Marseille;18/04/2024 19:45;1100;0;1100;0;0;0;;;;;Estimées;1;Malveillance;Non;;;;
2024;19257;34;34188;Olmet-et-Villecun;19/04/2024 13:42;1;1;0;0;0;0;;;;;Mesurées;4;Malveillance;Non;;;;
2024;20103;56;56200;Ruffiac;19/04/2024 15:33;8000;8000;;0;0;0;;;;;Estimées;;;Non;;;;
2024;20705;11;11334;Sainte-Camelle;19/04/2024 18:55;50;0;50;0;0;0;;;;;Mesurées;;Involontaire (travaux);Non;;;;
2024;19377;13;13055;Marseille;19/04/2024 20:13;10;0;10;0;0;0;;;;;Estimées;1;;Non;;;;
2024;19417;66;66154;Puyvalador;20/04/2024 12:08;20;20;0;0;0;0;;;;;Estimées;;Involontaire (particulier);Non;;;;
2024;19418;66;66189;Saleilles;20/04/2024 12:42;28635;28635;0;0;0;0;;;;;Mesurées;;;Non;;;;
2024;19250;34;34188;Olmet-et-Villecun;20/04/2024 14:51;1;1;0;0;0;0;;;;;Estimées;4;Malveillance;Non;;;;
2024;27223;2A;2A247;Porto-Vecchio;20/04/2024 16:00;25000;0;20000;0;0;5000;;;;;Mesurées;;;Non;;;;
2024;26849;33;33519;Le Taillan-Médoc;20/04/2024 16:28;15000;15000;;0;0;0;;;;;Estimées;;;Non;0;0;0;
2024;20118;13;13004;Arles;20/04/2024 17:01;10000;10000;0;0;0;0;;;;;Estimées;1;Involontaire (travaux);Non;;;;
2024;20710;11;11322;Roquefort-des-Corbières;20/04/2024 17:06;2800;0;2800;0;0;0;;;;;Mesurées;4;Involontaire (particulier);Non;;;;
2024;20711;11;11262;Narbonne;20/04/2024 17:30;94800;0;94800;0;0;0;;;;;Mesurées;;Involontaire (travaux);Non;;;;
2024;27878;84;84123;Sault;21/04/2024 17:26;2;2;;;;;;;;;Estimées;;;Non;;;;
2024;19329;13;13066;Noves;21/04/2024 19:59;500;0;500;0;0;0;;;;;Estimées;1;Accidentelle;Non;;;;
2024;20119;13;13066;Noves;21/04/2024 19:59;500;500;0;0;0;0;;;;;Estimées;1;Accidentelle;Oui;0;1;0;
2024;19327;13;13077;Port-de-Bouc;21/04/2024 21:43;500;500;0;0;0;0;;;;;Estimées;1;Accidentelle;Non;;;;
2024;20120;13;13077;Port-de-Bouc;21/04/2024 21:43;500;500;0;0;0;0;;;;;Mesurées;1;Accidentelle;Non;;;;
2024;19325;13;13071;Les Pennes-Mirabeau;22/04/2024 15:20;200;200;0;0;0;0;;;;;Estimées;1;Accidentelle;Non;;;;
2024;20122;13;13071;Les Pennes-Mirabeau;22/04/2024 15:20;200;200;0;0;0;0;;;;;Estimées;1;Accidentelle;Non;;;;
2024;19326;13;13022;Cassis;22/04/2024 17:43;5;5;0;0;0;0;;;;;Estimées;1;;Non;;;;
2024;20121;13;13022;Cassis;22/04/2024 17:43;5;5;0;0;0;0;;;;;Estimées;1;;Non;;;;
2024;27188;86;86163;Montamisé;22/04/2024 17:55;10000;10000;;0;0;0;;;;;Estimées;;;Non;;;;
2024;26705;33;33480;Saint-Sulpice-de-Faleyrens;22/04/2024 18:42;50;50;;0;0;0;;;;;Estimées;;;Non;0;0;0;
2024;20123;13;13071;Les Pennes-Mirabeau;22/04/2024 20:41;10000;10000;0;0;0;0;;;;;Mesurées;1;Accidentelle;Non;;;;
2024;19324;13;13071;Les Pennes-Mirabeau;22/04/2024 20:41;10000;10000;0;0;0;0;;;;;Estimées;1;Accidentelle;Non;;;;
2024;20725;11;11369;Sallèles-d'Aude;23/04/2024 00:12;100;0;100;0;0;0;;;;;Mesurées;;Involontaire (particulier);Non;;;;
2024;27882;84;84012;Beaumes-de-Venise;23/04/2024 11:54;550;550;0;0;0;0;;;;;Mesurées;;Involontaire (travaux);Non;;;;
2024;20126;13;13050;Lambesc;23/04/2024 13:58;50;50;0;0;0;0;;;;;Estimées;1;Involontaire (particulier);Non;;;;
2024;19487;48;48148;Saint-Étienne-Vallée-Française;23/04/2024 14:26;1104;1100;0;0;0;4;;;;;Mesurées;3;Accidentelle;Non;;;;
2024;20330;49;49138;Les Bois d'Anjou;23/04/2024 14:57;5000;5000;;0;0;0;;;;;Estimées;;;Non;;;;
2024;20104;56;56114;Locmaria;23/04/2024 15:44;30;30;;0;0;0;;;;;Estimées;;;Non;;;;
2024;20124;13;13063;Miramas;23/04/2024 16:13;200;200;0;0;0;0;;;;;Estimées;1;;Non;;;;
2024;28849;07;07254;Saint-Julien-du-Serre;23/04/2024 17:18;20000;20000;0;0;0;0;;;;;Estimées;4;Involontaire (particulier);Non;;;;
2024;25161;50;50029;Barenton;23/04/2024 20:08;6000;6000;;0;0;0;;;;;Estimées;;;Non;;;;
2024;20125;13;13015;Bouc-Bel-Air;23/04/2024 20:53;10;10;0;0;0;0;;;;;Estimées;1;Accidentelle;Non;;;;
2024;25814;72;72058;Changé;23/04/2024 23:45;7000;7000;;0;0;0;;;;;Estimées;;;Non;;;;
2024;19362;26;26189;Montauban-sur-l'Ouvèze;24/04/2024 10:18;5000;5000;0;0;0;0;;;;;Estimées;;Involontaire (particulier);Non;;;;
2024;20127;13;13038;Fontvieille;24/04/2024 11:21;300;300;0;0;0;0;;;;;Estimées;1;Involontaire (particulier);Non;;;;
2024;19394;34;34235;Rosis;24/04/2024 14:13;711;711;0;0;0;0;;;;;Mesurées;1;Involontaire (travaux);Non;;;;
2024;25815;72;72187;Marigné-Laillé;24/04/2024 15:48;20000;20000;;0;0;0;;;;;Estimées;;;Non;;;;
2024;20733;11;11262;Narbonne;24/04/2024 15:55;5000;0;5000;0;0;0;;;;;Mesurées;1;Involontaire (particulier);Non;;;;
2024;19378;06;06031;Cantaron;25/04/2024 12:48;100;0;100;0;0;0;;;;;Estimées;;Involontaire (travaux);Non;;;;
2024;27890;84;84118;Saint-Saturnin-lès-Apt;25/04/2024 14:44;40;40;0;0;0;0;;;;;Estimées;;;Non;;;;
2024;19628;74;74244;Saint-Laurent;26/04/2024 11:11;10;10;;0;0;0;;;;;Estimées;;Involontaire (particulier);Non;;;;
2024;19434;66;66103;Marquixanes;27/04/2024 16:36;700;700;0;0;0;0;;;;;Estimées;;Malveillance;Non;;;;
2024;19506;2B;2B177;Noceta;29/04/2024 18:54;250;0;250;0;0;0;;;;;Estimées;;;Non;;;;
2024;27224;2A;2A272;Sartène;30/04/2024 10:30;100;0;100;0;0;0;;;;;Estimées;;;Non;;;;
2024;27225;2A;2A212;Piana;30/04/2024 12:15;50;0;50;0;0;0;;;;;Estimées;;;Non;;;;
2024;19507;2B;2B172;Murato;30/04/2024 13:45;10;0;10;0;0;0;;;;;Estimées;;;Non;;;;
2024;26174;972;97213;Le Lamentin;04/05/2024 13:29;50;50;;0;0;0;;;;;Estimées;;;Non;;;;
2024;19671;29;29232;Quimper;06/05/2024 20:53;5;5;;0;0;0;;;;;Mesurées;;;Non;;;;
2024;19509;2B;2B088;Chiatra;06/05/2024 21:17;600;0;600;0;0;0;;;;;Estimées;;;Non;;;;
2024;19510;2B;2B314;Santo-Pietro-di-Tenda;07/05/2024 16:15;2000;0;2000;0;0;0;;;;;Estimées;;Involontaire (travaux);Non;;;;
2024;20128;13;13056;Martigues;08/05/2024 14:52;200;200;0;0;0;0;;;;;Estimées;1;Involontaire (particulier);Non;;;;
2024;25816;72;72385;Yvré-le-Pôlin;08/05/2024 19:21;10;10;;0;0;0;;;;;Estimées;;;Non;;;;
2024;20129;13;13056;Martigues;08/05/2024 19:59;10;10;0;0;0;0;;;;;Estimées;1;Accidentelle;Non;;;;
2024;25956;73;73107;Entremont-le-Vieux;10/05/2024 14:12;800;800;;0;0;0;;;;;Mesurées;;;;;;;Données partielles ou non valides
2024;27907;84;84091;Piolenc;10/05/2024 17:15;20;20;0;0;0;0;;;;;Estimées;;;Non;;;;
2024;19629;74;74042;Bonneville;11/05/2024 10:28;1;1;;0;0;0;;;;;Estimées;;Involontaire (particulier);Non;;;;
2024;20105;56;56229;Saint-Martin-sur-Oust;11/05/2024 11:31;50;50;;0;0;0;;;;;Estimées;;;Non;;;;
2024;27011;40;40154;Lévignacq;11/05/2024 20:50;3000;3000;;0;0;0;;;;;Estimées;;Naturelle;Non;0;0;0;
2024;27359;77;77186;Fontainebleau;12/05/2024 13:18;5;5;;0;0;0;;;;;Estimées;;Involontaire (particulier);Non;;;;
2024;26215;972;97208;Fonds-Saint-Denis;12/05/2024 15:33;10;10;;0;0;0;;;;;Estimées;;;Non;;;;
2024;27012;40;40227;Pissos;12/05/2024 15:34;50;50;;0;0;0;;;;;Estimées;;Naturelle;Non;0;0;0;
2024;27013;40;40182;Mézos;12/05/2024 16:35;1;1;;0;0;0;;;;;Estimées;;;Non;0;0;0;
2024;29559;25;25417;Naisey-les-Granges;12/05/2024 17:11;100;100;;0;0;0;;;;;Estimées;;;Non;;;;
2024;20130;13;13005;Aubagne;12/05/2024 18:46;5;5;0;0;0;0;;;;;Estimées;1;Accidentelle;Non;;;;
2024;25818;72;72058;Changé;13/05/2024 00:06;100;100;;0;0;0;;;;;Estimées;;;Non;;;;
2024;19552;2B;2B229;Pietroso;13/05/2024 15:22;4000;0;4000;0;0;0;;;;;Estimées;;Malveillance;Non;;;;
2024;20131;13;13072;Peynier;14/05/2024 00:44;20;20;0;0;0;0;;;;;Estimées;1;;Non;;;;
2024;27226;2A;2A114;Figari;14/05/2024 16:52;200;0;200;0;0;0;;;;;Mesurées;;Involontaire (particulier);Non;;;;
2024;20106;56;56081;Guiscriff;16/05/2024 15:53;20;20;;0;0;0;;;;;Estimées;;;Non;;;;
2024;27014;40;40065;Capbreton;17/05/2024 15:57;53;50;;0;3;0;;;;;Estimées;;Accidentelle;Non;0;0;0;
2024;27228;2A;2A104;Eccica-Suarella;18/05/2024 11:11;40;0;40;0;0;0;;;;;Estimées;;;Non;;;;
2024;19556;2B;2B179;Novale;18/05/2024 11:33;5000;0;5000;0;0;0;;;;;Estimées;1;;Non;;;;
2024;27227;2A;2A006;Alata;18/05/2024 16:57;30;0;30;0;0;0;;;;;Estimées;;;Non;;;;
2024;20757;11;11161;Gardie;19/05/2024 12:02;50;50;0;0;0;0;;;;;Mesurées;;;Non;;;;
2024;19560;2B;2B020;Aregno;22/05/2024 14:13;5500;0;5500;0;0;0;;;;;Estimées;1;Involontaire (particulier);Non;;;;
2024;20761;11;11188;La Palme;24/05/2024 12:17;100;0;100;0;0;0;;;;;Mesurées;1;Accidentelle;Non;;;;
2024;25820;72;72221;Nogent-sur-Loir;25/05/2024 19:01;1;1;;0;0;0;;;;;Estimées;;;Non;;;;
2024;27229;2A;2A032;Bastelicaccia;26/05/2024 14:03;20;0;20;0;0;0;;;;;Estimées;;;Non;;;;
2024;28370;30;30052;Bréau-Mars;26/05/2024 16:01;1000;1000;;;;;;;;;Estimées;;;Non;;;;
2024;20768;11;11262;Narbonne;26/05/2024 23:13;2000;0;2000;0;0;0;;;;;Mesurées;;;Non;;;;
2024;19657;2B;2B034;Belgodère;27/05/2024 11:12;3000;0;3000;0;0;0;;;;;Estimées;;Malveillance;Non;;;;
2024;27232;2A;2A103;Cuttoli-Corticchiato;27/05/2024 14:08;50;0;50;0;0;0;;;;;Estimées;;Involontaire (particulier);Non;;;;
2024;27231;2A;2A065;Cargèse;27/05/2024 16:03;50;0;50;0;0;0;;;;;Estimées;;Involontaire (travaux);Non;;;;
2024;27230;2A;2A272;Sartène;27/05/2024 18:14;3000;0;3000;0;0;0;;;;;Estimées;;Involontaire (travaux);Non;;;;
2024;20133;13;13059;Meyrargues;27/05/2024 18:55;20;20;0;0;0;0;;;;;Estimées;1;Accidentelle;Non;;;;
2024;27234;2A;2A247;Porto-Vecchio;28/05/2024 13:14;500;0;500;0;0;0;;;;;Estimées;;Involontaire (particulier);Non;;;;
2024;27235;2A;2A310;Santa-Maria-Figaniella;28/05/2024 17:20;150;0;150;0;0;0;;;;;Estimées;;Involontaire (particulier);Non;;;;
2024;27233;2A;2A114;Figari;28/05/2024 17:20;15;0;15;0;0;0;;;;;Estimées;;;Non;;;;
2024;20134;13;13002;Allauch;28/05/2024 18:54;20;20;0;0;0;0;;;;;Estimées;1;Involontaire (particulier);Non;;;;
2024;20135;13;13028;La Ciotat;29/05/2024 06:11;2;2;0;0;0;0;;;;;Estimées;1;Involontaire (particulier);Non;;;;
2024;27236;2A;2A130;Grosseto-Prugna;30/05/2024 12:35;10;0;10;0;0;0;;;;;Estimées;;;Non;;;;
2024;27237;2A;2A288;Sotta;30/05/2024 12:44;50;0;50;0;0;0;;;;;Estimées;;;Non;;;;
2024;20771;11;11116;Cuxac-d'Aude;30/05/2024 14:22;200;0;200;0;0;0;;;;;Mesurées;1;Involontaire (travaux);Non;;;;
2024;28374;30;30346;Vers-Pont-du-Gard;30/05/2024 16:32;1000;1000;;;;;;;;;Estimées;;;Non;;;;
2024;26712;33;33466;Saint-Quentin-de-Baron;30/05/2024 17:48;1;1;;0;0;0;;;;;Estimées;;;Non;0;0;0;
2024;29553;25;25258;Franois;31/05/2024 09:12;100;100;;0;0;0;;;;;Estimées;;;Non;0;0;0;
2024;20136;13;13039;Fos-sur-Mer;31/05/2024 13:45;100;100;0;0;0;0;;;;;Estimées;1;;Non;;;;
2024;19617;34;34165;Montbazin;31/05/2024 16:51;394;0;394;0;0;0;;;;;Mesurées;;Involontaire (travaux);Non;;;;
2024;27239;2A;2A254;Quenza;31/05/2024 22:00;80;0;80;0;0;0;;;;;Estimées;;;Non;;;;
2024;27238;2A;2A189;Olmeto;31/05/2024 22:22;20;0;20;0;0;0;;;;;Estimées;;;Non;;;;
2024;19660;2B;2B185;Oletta;01/06/2024 11:19;10000;0;10000;0;0;0;;;;;Estimées;1;;Non;;;;
2024;20781;11;11185;Lagrasse;03/06/2024 10:42;40;40;0;0;0;0;;;;;Mesurées;;Accidentelle;Non;;;;
2024;20783;11;11341;Saint-Ferriol;03/06/2024 15:06;230;0;230;0;0;0;;;;;Mesurées;;Accidentelle;Non;;;;
2024;27016;40;40123;Herm;03/06/2024 16:17;118;118;;0;0;0;;;;;Estimées;;;Non;0;0;0;
2024;20784;11;11202;Leucate;04/06/2024 01:10;100;100;0;0;0;0;;;;;Mesurées;4;Malveillance;Non;;;;
2024;20788;11;11296;Pouzols-Minervois;04/06/2024 16:52;350;350;;;;;;;;;Mesurées;;;Non;0;0;0;
2024;26499;17;17074;Bussac-Forêt;05/06/2024 02:29;200;200;;0;0;0;;;;;Estimées;;;Non;0;0;0;
2024;26715;33;33239;Lerm-et-Musset;05/06/2024 11:29;200;200;;0;0;0;;;;;Estimées;;;Non;0;0;0;
2024;20791;11;11379;Sigean;05/06/2024 15:38;200;0;200;0;0;0;;;;;Mesurées;;;Non;;;;
2024;20138;13;13056;Martigues;07/06/2024 12:15;150;150;0;0;0;0;;;;;Estimées;1;Involontaire (particulier);Non;;;;
2024;20137;13;13113;Venelles;07/06/2024 12:15;5;5;0;0;0;0;;;;;Estimées;1;Involontaire (particulier);Non;;;;
2024;20107;56;56122;Loyat;07/06/2024 14:23;500;500;;0;0;0;;;;;Estimées;;;Non;;;;
2024;19712;2B;2B123;Ghisonaccia;07/06/2024 16:50;30000;0;30000;0;0;0;;;;;Estimées;1;Involontaire (travaux);Non;;;;
2024;27240;2A;2A362;Zonza;07/06/2024 18:05;633;0;633;0;0;0;;;;;Mesurées;;Involontaire (particulier);Non;;;;
2024;20139;13;13033;Ensuès-la-Redonne;07/06/2024 19:44;200;200;0;0;0;0;;;;;Estimées;1;;Non;;;;
2024;20140;13;13056;Martigues;08/06/2024 16:55;1000;1000;0;0;0;0;;;;;Estimées;1;Malveillance;Non;;;;
2024;20203;89;89083;Charbuy;08/06/2024 17:36;4;4;;0;0;0;;;;;Mesurées;;Malveillance;Non;;;;
2024;20260;56;56122;Loyat;08/06/2024 19:18;10;10;;0;0;0;;;;;Estimées;;;Non;;;;
2024;19680;13;13055;Marseille;08/06/2024 21:13;40;0;40;0;0;0;;;;;Estimées;1;Involontaire (particulier);Non;;;;
2024;27938;84;84083;Mornas;09/06/2024 01:31;2000;2000;;;;;;;;;Mesurées;;;Non;;;;
2024;27241;2A;2A359;Zicavo;09/06/2024 21:54;50;0;50;0;0;0;;;;;Estimées;;;Non;;;;
2024;27939;84;84078;Mondragon;10/06/2024 07:32;1;1;;;;;;;;;Estimées;;;Non;;;;
2024;20141;13;13001;Aix-en-Provence;10/06/2024 16:14;130;130;0;0;0;0;;;;;Estimées;1;Involontaire (travaux);Non;;;;
2024;25823;72;72260;Ruaudin;10/06/2024 23:51;50;50;;0;0;0;;;;;Estimées;;;Non;;;;
2024;20142;13;13010;Barbentane;11/06/2024 06:03;50;50;0;0;0;0;;;;;Estimées;1;Involontaire (travaux);Non;;;;
2024;20799;11;11013;Argens-Minervois;11/06/2024 12:59;10000;0;10000;0;0;0;;;;;Mesurées;;Involontaire (travaux);Non;;;;
2024;29808;83;83148;Vidauban;11/06/2024 15:03;3006900;2796900;164600;0;0;45400;;;;;Mesurées;;Involontaire (travaux);;;;;Données partielles ou non valides
2024;27941;84;84078;Mondragon;11/06/2024 15:30;50;50;;;;;;;;;Estimées;;;Non;;;;
2024;27942;84;84140;Vaugines;11/06/2024 15:47;700;450;0;0;0;250;;;;;Mesurées;4;;Non;;;;
2024;20261;56;56203;Saint-Aignan;11/06/2024 16:59;100;100;;0;0;0;;;;;Estimées;;;Non;;;;
2024;20143;13;13059;Meyrargues;12/06/2024 10:57;200;200;0;0;0;0;;;;;Estimées;1;Involontaire (travaux);Non;;;;
2024;19716;2B;2B143;Linguizzetta;12/06/2024 14:14;1500;0;1500;0;0;0;;;;;Estimées;;;Non;;;;
2024;20803;11;11416;Villarzel-Cabardès;12/06/2024 16:22;5000;0;5000;0;0;0;;;;;Mesurées;;;Non;;;;
2024;29658;78;78590;Senlisse;12/06/2024 17:49;5;5;;0;0;0;;;;;Estimées;;;Non;;;;
2024;27946;84;84140;Vaugines;12/06/2024 19:32;1;1;;;;;;;;;Estimées;;;Non;;;;
2024;19719;06;06079;Mandelieu-la-Napoule;12/06/2024 20:37;1000;0;1000;0;0;0;;;;;Estimées;;Accidentelle;Non;;;;
2024;19921;74;74078;Clermont;13/06/2024 02:24;5;5;;0;0;0;;;;;Mesurées;;Involontaire (travaux);Non;;;;
2024;26850;33;33540;Vendays-Montalivet;13/06/2024 06:24;15000;15000;;0;0;0;;;;;Estimées;;Involontaire (particulier);Non;;;;
2024;27242;2A;2A132;Guargualé;13/06/2024 13:00;800;0;800;0;0;0;;;;;Estimées;;;Non;;;;
2024;19922;74;74043;Bons-en-Chablais;13/06/2024 13:33;1;1;;0;0;0;;;;;Mesurées;;Involontaire (travaux);Non;;;;
2024;26851;33;33284;Mios;13/06/2024 14:37;10000;10000;;0;0;0;;;;;Estimées;;;Non;0;0;0;
2024;27243;2A;2A114;Figari;13/06/2024 15:19;800;0;800;0;0;0;;;;;Estimées;;;Non;;;;
2024;19749;66;66205;Tautavel;13/06/2024 15:45;500;0;500;0;0;0;;;;;Estimées;;Involontaire (travaux);Non;;;;
2024;20806;11;11179;Labastide-en-Val;13/06/2024 16:36;200;0;200;0;0;0;;;;;Mesurées;;;Non;;;;
2024;27624;2A;2A174;Murzo;14/06/2024 14:35;150;0;150;0;0;0;;;;;Mesurées;;Involontaire (travaux);Non;;;;
2024;19833;2B;2B143;Linguizzetta;14/06/2024 14:55;200;0;200;0;0;0;;;;;Estimées;;;Non;;;;
2024;20144;13;13091;Saint-Cannat;14/06/2024 19:13;300;300;0;0;0;0;;;;;Estimées;1;;Non;;;;
2024;20145;13;13038;Fontvieille;16/06/2024 16:55;20;20;0;0;0;0;;;;;Estimées;1;Involontaire (particulier);Non;;;;
2024;19834;2B;2B143;Linguizzetta;17/06/2024 12:03;1000;0;1000;0;0;0;;;;;Estimées;;;Non;;;;
2024;27019;40;40179;Mées;17/06/2024 15:07;101;1;;100;0;0;;;;;Estimées;;;Non;0;0;0;
2024;20146;13;13056;Martigues;17/06/2024 16:55;1000;1000;0;0;0;0;;;;;Estimées;1;Involontaire (particulier);Non;;;;
2024;20147;13;13028;La Ciotat;17/06/2024 16:55;2500;2500;0;0;0;0;;;;;Mesurées;1;Accidentelle;Non;;;;
2024;28739;07;07143;Limony;17/06/2024 18:34;4;0;4;0;0;0;;;;;Estimées;5;Involontaire (travaux);Non;;;;
2024;20148;13;13005;Aubagne;18/06/2024 16:50;3495;3495;0;0;0;0;;;;;Mesurées;1;Involontaire (travaux);Non;;;;
2024;19836;2B;2B009;Aléria;18/06/2024 16:51;3000;0;3000;0;0;0;;;;;Mesurées;;;Non;;;;
2024;20132;13;13066;Noves;20/06/2024 13:31;200;200;0;0;0;0;;;;;Estimées;1;;Non;;;;
2024;27625;2A;2A061;Carbini;21/06/2024 10:53;10;0;10;0;0;0;;;;;Mesurées;;Involontaire (travaux);Non;;;;
2024;19853;34;34237;Roujan;21/06/2024 14:22;10474;10474;0;0;0;0;;;;;Mesurées;1;Involontaire (travaux);Non;;;;
2024;20207;13;13117;Vitrolles;21/06/2024 14:23;300;300;0;0;0;0;;;;;Estimées;1;Involontaire (particulier);Non;;;;
2024;20208;13;13073;Peypin;21/06/2024 15:35;5;5;0;0;0;0;;;;;Mesurées;1;Malveillance;Non;;;;
2024;20210;13;13060;Meyreuil;22/06/2024 17:54;4;4;0;0;0;0;;;;;Estimées;1;;Non;;;;
2024;20821;11;11145;Fleury;23/06/2024 10:24;10;0;10;0;0;0;;;;;Mesurées;;;Non;;;;
2024;20209;13;13056;Martigues;23/06/2024 16:14;30;30;0;0;0;0;;;;;Estimées;1;Malveillance;Non;;;;
2024;20383;13;13040;Fuveau;23/06/2024 17:16;3000;3000;0;0;0;0;;;;;Estimées;1;Accidentelle;Non;;;;
2024;27021;40;40200;Moustey;24/06/2024 15:38;3000;3000;;0;0;0;;;;;Estimées;;;Non;0;0;0;
2024;20384;13;13100;Saint-Rémy-de-Provence;24/06/2024 23:58;1;1;0;0;0;0;;;;;Estimées;1;;Non;;;;
2024;21196;13;13028;La Ciotat;25/06/2024 00:20;24;24;0;0;0;0;;;;;Mesurées;1;;Non;;;;
2024;20385;13;13102;Saint-Victoret;25/06/2024 09:48;50;50;0;0;0;0;;;;;Estimées;1;;Non;;;;
2024;20825;11;11014;Armissan;25/06/2024 11:45;200;0;200;0;0;0;;;;;Mesurées;;Malveillance;Non;;;;
2024;20827;11;11433;Villeneuve-Minervois;25/06/2024 21:53;200;0;200;0;0;0;;;;;Mesurées;;;Non;;;;
2024;20828;11;11431;Villeneuve-les-Corbières;26/06/2024 01:57;50;0;50;0;0;0;;;;;Mesurées;;;Non;;;;
2024;21199;13;13039;Fos-sur-Mer;26/06/2024 15:15;2;2;0;0;0;0;;;;;Estimées;1;Involontaire (particulier);Non;;;;
2024;21201;13;13028;La Ciotat;26/06/2024 15:19;2;2;0;0;0;0;;;;;Estimées;1;;Non;;;;
2024;21200;13;13092;Saint-Chamas;26/06/2024 15:41;100;100;0;0;0;0;;;;;Estimées;1;;Non;;;;
2024;27626;2A;2A004;Ajaccio;26/06/2024 17:30;1200;0;1200;0;0;0;;;;;Mesurées;;Involontaire (particulier);Non;;;;
2024;21198;13;13067;Orgon;26/06/2024 17:30;4;4;0;0;0;0;;;;;Estimées;1;Accidentelle;Non;;;;
2024;21197;13;13060;Meyreuil;26/06/2024 18:40;5;5;0;0;0;0;;;;;Estimées;1;;Non;;;;
2024;21203;13;13112;Velaux;27/06/2024 09:25;2;2;0;0;0;0;;;;;Estimées;1;;Non;;;;
2024;20264;56;56167;Plougoumelen;27/06/2024 13:25;10;10;;0;0;0;;;;;Estimées;;;Non;;;;
2024;20830;11;11421;Villedaigne;27/06/2024 13:50;50;0;50;0;0;0;;;;;Mesurées;;;Non;;;;
2024;20265;56;56070;Guégon;28/06/2024 10:16;30;30;;0;0;0;;;;;Estimées;;;Non;;;;
2024;26729;33;33284;Mios;28/06/2024 11:56;2500;2500;;0;0;0;;;;;Estimées;;;Non;0;0;0;
2024;20836;11;11392;Tournissan;28/06/2024 22:50;1700;0;100;0;1600;0;;;;;Mesurées;;;Non;;;;
2024;26541;17;17118;Corignac;29/06/2024 00:36;5400;5400;;0;0;0;;;;;Mesurées;;Malveillance;Non;;;;
2024;27627;2A;2A098;Coti-Chiavari;29/06/2024 14:15;37000;0;37000;0;0;0;;;;;Mesurées;;Accidentelle;Non;;;;
2024;21212;13;13001;Aix-en-Provence;30/06/2024 13:06;5000;5000;0;0;0;0;;;;;Estimées;1;Accidentelle;Non;;;;
2024;21210;13;13062;Mimet;30/06/2024 13:42;10;10;0;0;0;0;;;;;Estimées;1;Malveillance;Non;;;;
2024;26730;33;33057;Blasimon;01/07/2024 13:11;200;200;;0;0;0;;;;;Estimées;;;Non;0;0;0;
2024;28428;30;30093;Conqueyrac;01/07/2024 16:20;139;139;;;;;;;;;Mesurées;;Malveillance;Non;;;;
2024;21213;13;13097;Saint-Martin-de-Crau;01/07/2024 16:20;14441;0;14441;0;0;0;;;;;Mesurées;1;Involontaire (travaux);Non;;;;
2024;28427;30;30093;Conqueyrac;01/07/2024 16:30;118;118;;;;;;;;;Mesurées;;Malveillance;Non;;;;
2024;20266;56;56070;Guégon;01/07/2024 17:29;50;50;;0;0;0;;;;;Estimées;;;Non;;;;
2024;20185;34;34332;Vias;01/07/2024 18:50;51436;0;51436;0;0;0;;;;;Mesurées;1;Malveillance;Non;;;;
2024;24359;08;08302;Monthermé;01/07/2024 21:36;150;150;;0;0;0;;;;;Estimées;;Involontaire (travaux);Non;;;;
2024;21217;13;13077;Port-de-Bouc;02/07/2024 11:43;2;2;0;0;0;0;;;;;Mesurées;1;;Non;;;;
2024;20838;11;11379;Sigean;02/07/2024 13:48;290900;35000;255900;0;0;0;;;;;Mesurées;;Malveillance;Non;;;;
2024;20030;66;66106;Maureillas-las-Illas;02/07/2024 16:05;35;35;0;0;0;0;;;;;Estimées;;Malveillance;Non;;;;
2024;21219;13;13001;Aix-en-Provence;03/07/2024 10:44;10;10;0;0;0;0;;;;;Mesurées;1;Accidentelle;Non;;;;
2024;27061;40;40327;Vielle-Soubiran;03/07/2024 12:19;8000;8000;;0;0;0;;;;;Mesurées;;Accidentelle;Non;0;0;0;
2024;28700;07;07200;Le Roux;03/07/2024 15:00;1;0;1;0;0;0;;;;;Estimées;5;Involontaire (travaux);Non;;;;
2024;27473;16;16119;Dignac;03/07/2024 15:21;2720;2720;;0;0;0;;;;;Mesurées;;Involontaire (travaux);Non;0;0;0;
2024;26731;33;33450;Saint-Michel-de-Castelnau;03/07/2024 15:24;1000;1000;;0;0;0;;;;;Estimées;;;Non;0;0;0;
2024;20175;34;34217;Prades-le-Lez;03/07/2024 16:41;7526;7526;0;0;0;0;;;;;Mesurées;1;Malveillance;Non;;;;
2024;25039;85;85213;Rives de l'Yon;03/07/2024 17:09;1;1;;0;0;0;;;;;Estimées;;Malveillance;Non;;;;
2024;20841;11;11037;Berriac;03/07/2024 19:07;200;0;200;0;0;0;;;;;Mesurées;;;Non;;;;
2024;21223;13;13056;Martigues;03/07/2024 21:51;2;2;0;0;0;0;;;;;Mesurées;1;Involontaire (particulier);Non;;;;
2024;27629;2A;2A271;Sarrola-Carcopino;04/07/2024 10:09;158;0;158;0;0;0;;;;;Mesurées;;;Non;;;;
2024;20050;04;04070;Digne-les-Bains;04/07/2024 14:03;400;60;0;340;0;0;;;;;Mesurées;;;Non;;;;
2024;20051;04;04166;Riez;04/07/2024 14:52;110;110;0;0;0;0;;;;;Mesurées;5;;Non;;;;
2024;20270;56;56013;Belz;04/07/2024 15:52;200;200;;0;0;0;;;;;Estimées;;;Non;;;;
2024;20844;11;11144;Fitou;04/07/2024 15:57;500;0;500;0;0;0;;;;;Mesurées;;;Non;;;;
2024;20043;66;66190;Salses-le-Château;04/07/2024 15:59;30;0;30;0;0;0;;;;;Estimées;;Accidentelle;Non;;;;
2024;20044;66;66190;Salses-le-Château;04/07/2024 15:59;3000;0;3000;0;0;0;;;;;Estimées;;Accidentelle;Non;;;;
2024;20045;66;66190;Salses-le-Château;04/07/2024 15:59;500;0;500;0;0;0;;;;;Estimées;;Accidentelle;Non;;;;
2024;27474;16;16119;Dignac;04/07/2024 17:40;10;10;;0;0;0;;;;;Estimées;;;Non;0;0;0;
2024;21226;13;13085;Roquefort-la-Bédoule;04/07/2024 18:21;60;60;0;0;0;0;;;;;Mesurées;1;Malveillance;Non;;;;
2024;20267;56;56096;Landaul;04/07/2024 19:04;10;10;;0;0;0;;;;;Estimées;;;Non;;;;
2024;20161;34;34242;Saint-Bauzille-de-Montmel;04/07/2024 21:28;140;140;0;0;0;0;;;;;Mesurées;4;Malveillance;Non;;;;
2024;20160;34;34061;Causses-et-Veyran;04/07/2024 21:32;1621;1621;0;0;0;0;;;;;Mesurées;1;;Non;;;;
2024;21225;13;13002;Allauch;04/07/2024 23:02;200;200;0;0;0;0;;;;;Estimées;1;Involontaire (particulier);Non;;;;
2024;27628;2A;2A070;Casaglione;04/07/2024 23:33;20;0;20;0;0;0;;;;;Mesurées;;Accidentelle;Non;;;;
2024;27631;2A;2A181;Ocana;05/07/2024 14:45;20;0;20;0;0;0;;;;;Mesurées;;;Non;;;;
2024;20271;56;56171;Pluherlin;05/07/2024 15:52;1000;1000;;0;0;0;;;;;Estimées;;;Non;;;;
2024;27630;2A;2A189;Olmeto;05/07/2024 18:05;150;0;150;0;0;0;;;;;Mesurées;;Accidentelle;Non;;;;
2024;25831;72;72260;Ruaudin;06/07/2024 17:23;60;60;;0;0;0;;;;;Estimées;;;Non;;;;
2024;20151;34;34028;Bédarieux;06/07/2024 21:33;15;15;0;0;0;0;;;;;Estimées;;;Non;;;;
2024;26736;33;33056;Blanquefort;07/07/2024 18:30;100;100;;0;0;0;;;;;Estimées;;Malveillance;Non;0;0;0;
2024;20269;56;56243;Séné;07/07/2024 18:31;10;10;;0;0;0;;;;;Estimées;;;Non;;;;
2024;23938;59;59491;Raismes;07/07/2024 19:25;100;100;;0;0;0;;;;;Estimées;;;Non;;;;
2024;27632;2A;2A247;Porto-Vecchio;07/07/2024 22:56;20;0;20;0;0;0;;;;;Mesurées;;;Non;;;;
2024;26737;33;33214;Lacanau;08/07/2024 12:24;2000;2000;;0;0;0;;;;;Estimées;;Involontaire (particulier);Non;;;;
2024;21228;13;13077;Port-de-Bouc;08/07/2024 13:09;80;80;0;0;0;0;;;;;Estimées;1;;Non;;;;
2024;27634;2A;2A345;Vero;08/07/2024 13:49;25;0;25;0;0;0;;;;;Mesurées;;Involontaire (particulier);Non;;;;
2024;21230;13;13074;Peyrolles-en-Provence;08/07/2024 15:25;802;802;0;0;0;0;;;;;Mesurées;1;;Non;;;;
2024;27633;2A;2A004;Ajaccio;08/07/2024 16:10;25;0;25;0;0;0;;;;;Estimées;;;Non;;;;
2024;21229;13;13073;Peypin;08/07/2024 18:44;70;70;0;0;0;0;;;;;Mesurées;1;Malveillance;Non;;;;
2024;20853;11;11395;Trassanel;08/07/2024 19:13;4030;0;4030;0;0;0;;;;;Mesurées;;Malveillance;Non;;;;
2024;21231;13;13001;Aix-en-Provence;08/07/2024 20:10;10;10;0;0;0;0;;;;;Mesurées;1;Involontaire (particulier);Non;;;;
2024;20239;06;06120;Saint-Étienne-de-Tinée;09/07/2024 10:11;25;0;25;0;0;0;;;;;Estimées;;Malveillance;Non;;;;
2024;21232;13;13028;La Ciotat;09/07/2024 12:07;330;330;0;0;0;0;;;;;Mesurées;1;Involontaire (travaux);Non;;;;
2024;20282;13;13055;Marseille;09/07/2024 12:55;50;0;50;0;0;0;;;;;Estimées;2;;Non;;;;
2024;23244;38;38149;Domarin;09/07/2024 13:29;3;3;;0;0;0;;;;;Estimées;;;Non;;;;
2024;21235;13;13048;Jouques;09/07/2024 14:57;10;10;0;0;0;0;;;;;Mesurées;1;Malveillance;Non;;;;
2024;21233;13;13048;Jouques;09/07/2024 15:40;10;10;0;0;0;0;;;;;Mesurées;1;Malveillance;Non;;;;
2024;27635;2A;2A198;Ota;09/07/2024 15:49;2500;0;2500;0;0;0;;;;;Mesurées;;Involontaire (particulier);Non;;;;
2024;21234;13;13001;Aix-en-Provence;09/07/2024 18:38;500;500;0;0;0;0;;;;;Mesurées;1;Involontaire (travaux);Non;;;;
2024;20206;46;46312;Strenquels;09/07/2024 21:19;100;100;;0;0;0;;;;;Estimées;;;Non;;;;
2024;27379;77;77442;Samoreau;10/07/2024 12:47;3;3;;0;0;0;;;;;Estimées;;;Non;;;;
2024;21236;13;13100;Saint-Rémy-de-Provence;10/07/2024 15:20;50;50;0;0;0;0;;;;;Mesurées;1;Involontaire (particulier);Non;;;;
2024;20242;06;06154;Valderoure;10/07/2024 18:20;25;0;25;0;0;0;;;;;Estimées;;Involontaire (particulier);Non;;;;
2024;20360;2B;2B079;Castello-di-Rostino;11/07/2024 10:57;70300;0;70300;0;0;0;;;;;Estimées;1;Malveillance;Non;;;;
2024;20273;66;66137;Le Perthus;11/07/2024 14:33;50;50;0;0;0;0;;;;;Estimées;;Malveillance;Non;;;;
2024;20302;34;34031;Bessan;11/07/2024 17:32;21746;0;21746;0;0;0;;;;;Mesurées;1;Accidentelle;Non;;;;
2024;24757;07;07024;Banne;11/07/2024 23:16;3000;0;3000;0;0;0;;;;;Estimées;1;Naturelle;Non;;;;
2024;28007;84;84017;Bédoin;12/07/2024 12:15;2;2;0;0;0;0;;;;;Mesurées;5;Involontaire (particulier);Non;;;;
2024;27380;77;77006;Arbonne-la-Forêt;12/07/2024 13:16;2000;2000;;0;0;0;;;;;Estimées;;;Non;;;;
2024;28443;30;30159;Le Martinet;12/07/2024 16:10;136;136;;;;;;;;;Mesurées;;;Non;;;;
2024;21237;13;13071;Les Pennes-Mirabeau;12/07/2024 18:46;600;600;0;0;0;0;;;;;Mesurées;1;;Non;;;;
2024;21499;04;04236;Vergons;12/07/2024 20:47;26700;26700;0;0;0;0;;;;;Mesurées;4;Naturelle;Non;;;;
2024;21240;13;13044;Grans;13/07/2024 10:03;300;300;0;0;0;0;;;;;Estimées;1;Accidentelle;Non;;;;
2024;21238;13;13071;Les Pennes-Mirabeau;13/07/2024 15:27;50;50;0;0;0;0;;;;;Mesurées;1;Accidentelle;Non;;;;
2024;20298;34;34147;Magalas;13/07/2024 17:24;988;988;0;0;0;0;;;;;Mesurées;3;Involontaire (travaux);Non;;;;
2024;26741;33;33417;Sainte-Hélène;13/07/2024 17:58;1500;1500;;0;0;0;;;;;Estimées;;;Non;0;0;0;
2024;20891;34;34095;Fabrègues;13/07/2024 18:48;173;0;173;0;0;0;;;;;Mesurées;1;;Non;;;;
2024;21243;13;13063;Miramas;13/07/2024 20:25;100;100;0;0;0;0;;;;;Estimées;1;Malveillance;Non;;;;
2024;20296;34;34116;Grabels;13/07/2024 23:16;217;0;217;0;0;0;;;;;Mesurées;1;Malveillance;Non;;;;
2024;26742;33;33376;Saint-Aubin-de-Médoc;14/07/2024 00:58;40;20;;20;0;0;;;;;Estimées;;Malveillance;Non;0;0;0;
2024;20294;34;34281;Saint-Pargoire;14/07/2024 08:25;212;0;212;0;0;0;;;;;Mesurées;1;Involontaire (travaux);Non;;;;
2024;29536;25;25056;Besançon;14/07/2024 08:55;100;100;;0;0;0;;;;;Estimées;;;Non;0;0;0;
2024;21248;13;13059;Meyrargues;14/07/2024 11:19;300;300;0;0;0;0;;;;;Mesurées;1;Malveillance;Non;;;;
2024;20381;56;56180;Porcaro;14/07/2024 12:08;1500;1500;;0;0;0;;;;;Estimées;;Accidentelle;Non;;;;
2024;21245;13;13047;Istres;14/07/2024 12:37;500;500;0;0;0;0;;;;;Mesurées;1;;Non;;;;
2024;20275;06;06132;Saorge;14/07/2024 14:14;500;0;500;0;0;0;;;;;Estimées;;Involontaire (particulier);Non;;;;
2024;20288;34;34312;La Tour-sur-Orb;14/07/2024 16:08;12328;0;12328;0;0;0;;;;;Mesurées;1;Accidentelle;Non;;;;
2024;23001;74;74273;Sixt-Fer-à-Cheval;14/07/2024 17:48;1;1;;0;0;0;;;;;Estimées;;Involontaire (travaux);Non;;;;
2024;23002;74;74185;Monnetier-Mornex;14/07/2024 21:17;1;1;;0;0;0;;;;;Estimées;;Accidentelle;Non;;;;
2024;20276;06;06092;Peillon;15/07/2024 00:42;24900;24900;0;0;0;0;;;;;Mesurées;4;Involontaire (particulier);Non;;;;
2024;21251;13;13106;Septèmes-les-Vallons;15/07/2024 02:31;10;10;0;0;0;0;;;;;Estimées;1;Involontaire (particulier);Non;;;;
2024;27636;2A;2A006;Alata;15/07/2024 08:51;1000;0;1000;0;0;0;;;;;Estimées;;;Non;;;;
2024;27637;2A;2A247;Porto-Vecchio;15/07/2024 13:11;30;0;30;0;0;0;;;;;Mesurées;;Involontaire (particulier);Non;;;;
2024;21253;13;13043;Gignac-la-Nerthe;15/07/2024 15:36;20;20;0;0;0;0;;;;;Estimées;1;Involontaire (particulier);Non;;;;
2024;21505;04;04106;Lurs;15/07/2024 21:13;20;20;0;0;0;0;;;;;Estimées;;Accidentelle;Non;;;;
2024;21254;13;13072;Peynier;15/07/2024 23:17;142;142;0;0;0;0;;;;;Mesurées;1;Malveillance;Non;;;;
2024;27639;2A;2A181;Ocana;16/07/2024 09:55;500;0;500;0;0;0;;;;;Mesurées;;Involontaire (particulier);Non;;;;
2024;20870;11;11015;Arques;16/07/2024 11:32;1500;1500;0;0;0;0;;;;;Mesurées;;Accidentelle;Non;;;;
2024;20463;05;05174;Val-des-Prés;16/07/2024 12:34;4;4;0;0;0;0;;;;;Mesurées;4;Malveillance;Non;;;;
2024;27638;2A;2A359;Zicavo;16/07/2024 12:35;3000;0;3000;0;0;0;;;;;Mesurées;;Accidentelle;Non;;;;
2024;21255;13;13071;Les Pennes-Mirabeau;16/07/2024 13:51;10400;10400;0;0;0;0;;;;;Mesurées;1;Accidentelle;Non;;;;
2024;25050;85;85035;Bretignolles-sur-Mer;16/07/2024 14:42;20;20;;0;0;0;;;;;Estimées;;;Non;;;;
2024;27640;2A;2A247;Porto-Vecchio;16/07/2024 18:16;40;0;40;0;0;0;;;;;Estimées;;;Non;;;;
2024;27641;2A;2A300;San-Gavino-di-Carbini;17/07/2024 05:10;1;0;1;0;0;0;;;;;Estimées;;Accidentelle;Non;;;;
2024;21258;13;13099;Saint-Paul-lès-Durance;17/07/2024 10:45;300;300;0;0;0;0;;;;;Estimées;1;Involontaire (particulier);Non;;;;
2024;21256;13;13019;Cabriès;17/07/2024 12:14;100;100;0;0;0;0;;;;;Estimées;1;Involontaire (travaux);Non;;;;
2024;20465;05;05023;Briançon;17/07/2024 14:06;6;6;0;0;0;0;;;;;Mesurées;;;Non;;;;
2024;25232;27;27118;Brosville;17/07/2024 14:29;5;5;;0;0;0;;;;;Estimées;;Involontaire (particulier);Non;;;;
2024;29532;25;25377;Mésandans;17/07/2024 16:26;100;100;;0;0;0;;;;;Estimées;;;Non;0;0;0;
2024;20464;05;05151;Saint-Martin-de-Queyrières;17/07/2024 18:02;3;0;3;0;0;0;;;;;Estimées;;Accidentelle;Non;;;;
2024;20962;66;66063;Les Cluses;17/07/2024 19:24;1000;1000;0;0;0;0;;;;;Estimées;;Accidentelle;Non;;;;
2024;20431;06;06105;Roquefort-les-Pins;17/07/2024 20:50;10;0;10;0;0;0;;;;;Estimées;;Involontaire (particulier);Non;;;;
2024;28296;2A;2A024;Aullène;17/07/2024 21:59;30;0;30;0;0;0;;;;;Mesurées;;Accidentelle;Non;;;;
2024;20955;06;06152;Valbonne;18/07/2024 04:04;50;0;50;0;0;0;;;;;Estimées;;;Non;;;;
2024;28452;30;30028;Bagnols-sur-Cèze;18/07/2024 10:41;166;166;;;;;;;;;Mesurées;;;Non;;;;
2024;21262;13;13030;Cuges-les-Pins;18/07/2024 12:35;50;50;0;0;0;0;;;;;Mesurées;1;Involontaire (particulier);Non;;;;
2024;29531;25;25124;Charmauvillers;18/07/2024 12:37;100;100;;0;0;0;;;;;Estimées;;;Non;0;0;0;
2024;21799;04;04172;Roumoules;18/07/2024 13:36;12700;2100;0;0;10600;0;;;;;Mesurées;2;Involontaire (particulier);Oui;0;0;1;
2024;21259;13;13051;Lançon-Provence;18/07/2024 14:11;10;10;0;0;0;0;;;;;Estimées;1;Involontaire (travaux);Non;;;;
2024;21509;04;04094;Gréoux-les-Bains;18/07/2024 14:25;6600;4800;1800;0;0;0;;;;;Mesurées;;Accidentelle;Non;;;;
2024;29530;25;25612;Vieilley;18/07/2024 14:54;100;100;;0;0;0;;;;;Estimées;;;Non;;;;
2024;21260;13;13113;Venelles;18/07/2024 15:31;50;50;0;0;0;0;;;;;Estimées;1;Involontaire (particulier);Non;;;;
2024;28454;30;30174;Montaren-et-Saint-Médiers;18/07/2024 15:45;3437;3437;;;;;;;;;Mesurées;;Involontaire (particulier);Non;;;;
2024;20924;34;34213;Poussan;18/07/2024 16:19;14358;14358;0;0;0;0;;;;;Mesurées;1;Accidentelle;Non;;;;
2024;21261;13;13005;Aubagne;18/07/2024 16:32;200;200;0;0;0;0;;;;;Mesurées;1;Malveillance;Non;;;;
2024;20889;46;46318;Thémines;18/07/2024 18:43;1500;1500;;0;0;0;;;;;Estimées;;;Non;;;;
2024;28021;84;84088;Pernes-les-Fontaines;18/07/2024 21:25;20;20;0;0;0;0;;;;;Estimées;;;Non;;;;
2024;27643;2A;2A089;Ciamannacce;19/07/2024 01:02;1500;0;1500;0;0;0;;;;;Mesurées;;Malveillance;Non;;;;
2024;28022;84;84140;Vaugines;19/07/2024 01:22;250;250;0;0;0;0;;;;;Mesurées;4;Malveillance;Non;;;;
2024;20916;34;34070;Cébazan;19/07/2024 08:54;2636;2636;0;0;0;0;;;;;Mesurées;1;Malveillance;Non;;;;
2024;23004;74;74080;La Clusaz;19/07/2024 09:27;50;50;;0;0;0;;;;;Estimées;;;Non;;;;
2024;23005;74;74249;Saint-Paul-en-Chablais;19/07/2024 10:24;1;1;;0;0;0;;;;;Estimées;;;Non;;;;
2024;28024;84;84140;Vaugines;19/07/2024 11:13;200;200;0;0;0;0;;;;;Estimées;;;Non;;;;
2024;21155;66;66108;Millas;19/07/2024 21:20;20;0;20;0;0;0;;;;;Estimées;;Accidentelle;Non;;;;
2024;20882;11;11203;Lézignan-Corbières;19/07/2024 22:17;5;5;;;;;;;;;Mesurées;;;Non;0;0;0;
2024;25951;73;73004;Aillon-le-Jeune;20/07/2024 12:12;20;20;;0;0;0;;;;;Mesurées;;;;;;;Données partielles ou non valides
2024;20988;34;34042;Brissac;20/07/2024 13:03;383;383;0;0;0;0;;;;;Mesurées;2;Accidentelle;Non;;;;
2024;21264;13;13045;Graveson;20/07/2024 14:09;5000;5000;0;0;0;0;;;;;Mesurées;1;Accidentelle;Non;;;;
2024;28895;19;19193;Saint-Cirgues-la-Loutre;20/07/2024 14:34;30;30;;0;0;0;;;;;Estimées;;Involontaire (travaux);Non;0;0;0;
2024;23011;74;74211;Pers-Jussy;20/07/2024 15:52;1;1;;0;0;0;;;;;Estimées;;;Non;;;;
2024;28029;84;84026;Cadenet;20/07/2024 15:55;10;10;0;0;0;0;;;;;Mesurées;5;;Non;;;;
2024;20903;34;34251;Saint-Étienne-de-Gourgas;20/07/2024 16:55;182;182;0;0;0;0;;;;;Mesurées;2;Involontaire (particulier);Non;;;;
2024;27969;60;60084;Bonnières;20/07/2024 17:15;500;10;;0;490;0;;;;;Estimées;;;Non;;;;
2024;21263;13;13099;Saint-Paul-lès-Durance;20/07/2024 20:00;15000;0;2000;0;13000;0;;;;;Mesurées;1;Accidentelle;Non;;;;
2024;21268;13;13088;Le Rove;21/07/2024 00:03;10;10;0;0;0;0;;;;;Mesurées;1;;Non;;;;
2024;20885;11;11372;Salsigne;21/07/2024 06:35;150;0;150;0;0;0;;;;;Mesurées;;;Non;;;;
2024;20899;34;34019;Avène;21/07/2024 08:32;678;678;0;0;0;0;;;;;Mesurées;2;Naturelle;Non;;;;
2024;20470;26;26181;Mévouillon;21/07/2024 08:40;10;10;0;0;0;0;;;;;Estimées;;Naturelle;Non;;;;
2024;20886;11;11024;Bages;21/07/2024 09:29;50;0;50;0;0;0;;;;;Mesurées;;;Non;;;;
2024;20471;05;05073;Lazer;21/07/2024 09:45;80;80;0;0;0;0;;;;;Estimées;;Naturelle;Non;;;;
2024;20898;34;34225;Puisserguier;21/07/2024 09:46;22;22;0;0;0;0;;;;;Mesurées;4;Naturelle;Non;;;;
2024;21265;13;13066;Noves;21/07/2024 09:52;6;6;0;0;0;0;;;;;Mesurées;1;Naturelle;Non;;;;
2024;21267;13;13001;Aix-en-Provence;21/07/2024 13:24;2;2;0;0;0;0;;;;;Mesurées;1;Naturelle;Non;;;;
2024;22263;11;11069;Carcassonne;21/07/2024 14:21;1;1;;;;;;;;;Mesurées;;;Non;0;0;0;
2024;20897;34;34228;Rieussec;21/07/2024 14:27;13733;13733;0;0;0;0;;;;;Mesurées;3;Naturelle;Non;;;;
2024;20896;34;34226;Quarante;21/07/2024 14:33;1022;1022;0;0;0;0;;;;;Mesurées;4;Accidentelle;Non;;;;
2024;21269;13;13101;Saint-Savournin;21/07/2024 15:28;5;5;0;0;0;0;;;;;Mesurées;1;Naturelle;Non;;;;
2024;27644;2A;2A247;Porto-Vecchio;21/07/2024 16:30;50;0;50;0;0;0;;;;;Mesurées;;Involontaire (particulier);Non;;;;
2024;28297;2A;2A322;Tasso;21/07/2024 17:44;200;0;200;0;0;0;;;;;Mesurées;;Accidentelle;Non;;;;
2024;21266;13;13074;Peyrolles-en-Provence;21/07/2024 18:33;20;20;0;0;0;0;;;;;Mesurées;1;Naturelle;Non;;;;
2024;21102;34;34335;Villemagne-l'Argentière;22/07/2024 01:43;2952;2952;0;0;0;0;;;;;Mesurées;1;Accidentelle;Non;;;;
2024;28298;2A;2A362;Zonza;22/07/2024 06:10;1;0;1;0;0;0;;;;;Estimées;;Malveillance;Non;;;;
2024;28468;30;30087;Colognac;22/07/2024 07:32;5402;5402;0;0;0;0;;;;;Mesurées;;Naturelle;Non;;;;
2024;20979;2B;2B124;Ghisoni;22/07/2024 10:41;85000;0;85000;0;0;0;;;;;Estimées;1;Naturelle;Non;;;;
2024;20968;48;48148;Saint-Étienne-Vallée-Française;22/07/2024 12:06;471;470;1;0;0;0;;;;;Mesurées;4;Naturelle;Non;;;;
2024;21018;06;06079;Mandelieu-la-Napoule;22/07/2024 14:05;3600;2600;1000;0;0;0;;;;;Mesurées;3;Malveillance;Oui;0;0;1;
2024;21270;13;13092;Saint-Chamas;22/07/2024 15:49;20;20;0;0;0;0;;;;;Mesurées;1;Naturelle;Non;;;;
2024;28040;84;84130;Suzette;22/07/2024 16:41;20;20;0;0;0;0;;;;;Estimées;;Naturelle;Non;;;;
2024;28470;30;30116;Fournès;22/07/2024 16:43;9532;9532;0;0;0;0;;;;;Mesurées;;Malveillance;Non;;;;
2024;21113;13;13055;Marseille;22/07/2024 23:45;20;0;20;0;0;0;;;;;Estimées;1;Accidentelle;Non;;;;
2024;21271;13;13099;Saint-Paul-lès-Durance;23/07/2024 11:50;280;280;0;0;0;0;;;;;Mesurées;1;Naturelle;Non;;;;
2024;21514;04;04200;Salignac;23/07/2024 11:52;120;120;0;0;0;0;;;;;Mesurées;;Malveillance;Non;;;;
2024;22266;11;11132;Fabrezan;23/07/2024 13:25;150;0;150;0;0;0;;;;;Mesurées;;;Non;;;;
2024;21094;34;34202;Pignan;23/07/2024 14:43;5024;0;5024;0;0;0;;;;;Mesurées;1;Accidentelle;Non;;;;
2024;21274;13;13004;Arles;23/07/2024 18:10;200;200;0;0;0;0;;;;;Mesurées;1;Malveillance;Non;;;;
2024;29329;25;25228;Étupes;23/07/2024 19:02;100;100;;0;0;0;;;;;Estimées;;;Non;0;0;0;
2024;21168;66;66122;Nohèdes;23/07/2024 19:17;250;250;0;0;0;0;;;;;Estimées;;Naturelle;Non;;;;
2024;22270;11;11146;Floure;23/07/2024 20:54;3000;0;3000;0;0;0;;;;;Mesurées;;;Non;;;;
2024;21272;13;13039;Fos-sur-Mer;23/07/2024 21:30;100;100;0;0;0;0;;;;;Mesurées;1;Involontaire (particulier);Non;;;;
2024;22271;11;11202;Leucate;24/07/2024 03:08;300;0;300;0;0;0;;;;;Mesurées;;;Non;;;;
2024;21517;04;04108;Malijai;24/07/2024 11:55;220;150;0;0;70;0;;;;;Mesurées;2;Involontaire (particulier);Non;;;;
2024;21275;13;13103;Salon-de-Provence;24/07/2024 13:49;20;20;0;0;0;0;;;;;Estimées;1;Involontaire (particulier);Non;;;;
2024;25837;72;72213;Mulsanne;24/07/2024 15:36;100;100;;0;0;0;;;;;Estimées;;;Non;;;;
2024;25838;72;72191;Mayet;24/07/2024 19:35;200;200;;0;0;0;;;;;Estimées;;;Non;;;;
2024;22760;13;13106;Septèmes-les-Vallons;24/07/2024 23:30;100;100;0;0;0;0;;;;;Mesurées;1;Malveillance;Non;;;;
2024;22491;88;88412;Saint-Benoît-la-Chipotte;25/07/2024 10:35;3;3;;0;0;0;;;;;Estimées;;;Non;;;;
2024;21068;34;34119;Hérépian;25/07/2024 11:15;4;4;0;0;0;0;;;;;Mesurées;2;Accidentelle;Non;;;;
2024;21193;2B;2B039;Bisinchi;25/07/2024 13:48;10;0;10;0;0;0;;;;;Estimées;;;Non;;;;
2024;22763;13;13103;Salon-de-Provence;25/07/2024 13:53;30;30;0;0;0;0;;;;;Mesurées;1;;Non;;;;
2024;22492;88;88412;Saint-Benoît-la-Chipotte;25/07/2024 16:40;3;3;;0;0;0;;;;;Estimées;;;Non;;;;
2024;22761;13;13056;Martigues;25/07/2024 17:12;25;25;0;0;0;0;;;;;Mesurées;1;Involontaire (particulier);Non;;;;
2024;21060;34;34239;Saint-André-de-Sangonis;25/07/2024 17:17;11826;0;11826;0;0;0;;;;;Mesurées;1;Accidentelle;Non;;;;
2024;21058;34;34202;Pignan;25/07/2024 19:25;52;52;0;0;0;0;;;;;Mesurées;5;Malveillance;Non;;;;
2024;22762;13;13002;Allauch;25/07/2024 21:00;2;2;0;0;0;0;;;;;Mesurées;1;Malveillance;Non;;;;
2024;27647;2A;2A119;Frasseto;26/07/2024 00:18;50;0;50;0;0;0;;;;;Mesurées;;Malveillance;Non;;;;
2024;26925;24;24137;Coulaures;26/07/2024 09:09;100;100;;0;0;0;;;;;Estimées;;Accidentelle;Non;0;0;0;
2024;27498;16;16279;Rioux-Martin;26/07/2024 09:31;50;50;;0;0;0;;;;;Estimées;;Involontaire (particulier);Non;0;0;0;
2024;26754;33;33203;Hourtin;26/07/2024 10:59;100;100;;0;0;0;;;;;Estimées;;Accidentelle;Non;0;0;0;
2024;21506;05;05045;Crots;26/07/2024 12:10;12;12;0;0;0;0;;;;;Estimées;4;Malveillance;Non;;;;
2024;21051;34;34178;Murviel-lès-Béziers;26/07/2024 12:30;21710;0;21710;0;0;0;;;;;Mesurées;1;Involontaire (particulier);Non;;;;
2024;22284;11;11325;Rouffiac-d'Aude;26/07/2024 18:12;1050;1050;0;0;0;0;;;;;Mesurées;;Malveillance;Non;;;;
2024;22283;11;11325;Rouffiac-d'Aude;26/07/2024 18:12;150;150;;;;;;;;;Mesurées;;;Non;0;0;0;
2024;22805;13;13039;Fos-sur-Mer;27/07/2024 01:09;20;20;0;0;0;0;;;;;Mesurées;1;;Non;;;;
2024;22287;11;11257;Monze;27/07/2024 05:23;30;0;30;0;0;0;;;;;Mesurées;;;Non;;;;
2024;23016;74;74209;Peillonnex;27/07/2024 09:42;1;1;;0;0;0;;;;;Estimées;;;Non;;;;
2024;28054;84;84054;L'Isle-sur-la-Sorgue;27/07/2024 13:41;4400;4400;0;0;0;0;;;;;Mesurées;;Involontaire (particulier);Non;;;;
2024;22764;13;13001;Aix-en-Provence;27/07/2024 13:51;500;500;0;0;0;0;;;;;Mesurées;1;Involontaire (particulier);Non;;;;
2024;21194;2B;2B009;Aléria;27/07/2024 15:00;5000;0;5000;0;0;0;;;;;Estimées;1;;Non;;;;
2024;21207;2B;2B009;Aléria;27/07/2024 15:20;30000;0;30000;0;0;0;;;;;Estimées;1;Malveillance;Non;;;;
2024;27648;2A;2A099;Cozzano;27/07/2024 15:20;500;0;500;0;0;0;;;;;Mesurées;;Involontaire (particulier);Non;;;;
2024;28056;84;84054;L'Isle-sur-la-Sorgue;27/07/2024 18:20;1;1;0;0;0;0;;;;;Estimées;;;Non;;;;
2024;22288;11;11102;Couffoulens;27/07/2024 19:42;800;0;800;0;0;0;;;;;Mesurées;;;Non;;;;
2024;22804;13;13046;Gréasque;27/07/2024 21:18;20;20;0;0;0;0;;;;;Mesurées;1;Involontaire (particulier);Non;;;;
2024;22765;13;13035;Eyguières;27/07/2024 21:22;10;10;0;0;0;0;;;;;Mesurées;1;Accidentelle;Non;;;;
2024;21042;48;48097;Moissac-Vallée-Française;28/07/2024 00:05;2100;1600;500;0;0;0;;;;;Mesurées;5;Involontaire (particulier);Non;;;;
2024;27033;40;40295;Saugnac-et-Muret;28/07/2024 09:09;102;100;;2;0;0;;;;;Estimées;;Naturelle;Non;0;0;0;
2024;24175;56;56075;Guer;28/07/2024 12:46;300;300;;0;0;0;;;;;Estimées;;;Non;;;;
2024;22291;11;11215;Malves-en-Minervois;28/07/2024 15:46;2500;2500;0;0;0;0;;;;;Mesurées;;;Non;;;;
2024;21278;13;13055;Marseille;28/07/2024 18:10;30;0;30;0;0;0;;;;;Estimées;1;Malveillance;Non;;;;
2024;21279;13;13055;Marseille;28/07/2024 21:37;500;0;500;0;0;0;;;;;Estimées;1;Malveillance;Non;;;;
2024;21422;34;34170;Montouliers;29/07/2024 13:00;532407;532407;0;0;0;0;;;;;Mesurées;4;Malveillance;Non;;;;
2024;22295;11;11286;Peyriac-Minervois;29/07/2024 13:04;46294;0;6294;0;40000;0;;;;;Mesurées;;;Non;;;;
2024;28483;30;30172;Monoblet;29/07/2024 14:00;196;196;;;;;;;;;Mesurées;;Involontaire (particulier);Non;;;;
2024;26757;33;33177;Gaillan-en-Médoc;29/07/2024 14:50;2000;2000;;0;0;0;;;;;Estimées;;;Non;0;0;0;
2024;21147;06;06025;Le Broc;29/07/2024 15:38;900;0;900;0;0;0;;;;;Mesurées;3;;Non;;;;
2024;27034;40;40310;Soustons;29/07/2024 16:02;4109;4104;;0;5;0;;;;;Estimées;;;Non;0;0;0;
2024;27393;77;77305;Montereau-Fault-Yonne;29/07/2024 18:14;1;1;;0;0;0;;;;;Estimées;;;Non;;;;
2024;22806;13;13041;Gardanne;29/07/2024 19:50;10;10;0;0;0;0;;;;;Mesurées;1;Malveillance;Non;;;;
2024;22808;13;13041;Gardanne;30/07/2024 12:49;3;3;0;0;0;0;;;;;Mesurées;1;Involontaire (particulier);Non;;;;
2024;22809;13;13103;Salon-de-Provence;30/07/2024 14:42;30;30;0;0;0;0;;;;;Mesurées;1;Involontaire (particulier);Non;;;;
2024;27649;2A;2A131;Guagno;30/07/2024 17:17;30;0;30;0;0;0;;;;;Mesurées;;Naturelle;Non;;;;
2024;25245;27;27116;Brionne;30/07/2024 17:55;20;20;;0;0;0;;;;;Estimées;;Malveillance;Non;;;;
2024;22807;13;13087;Rousset;30/07/2024 18:45;100;100;0;0;0;0;;;;;Mesurées;1;Accidentelle;Non;;;;
2024;28299;2A;2A204;Pastricciola;30/07/2024 19:30;734;0;734;0;0;0;;;;;Mesurées;;Naturelle;Non;;;;
2024;29320;25;25304;Hérimoncourt;30/07/2024 20:18;100;100;;0;0;0;;;;;Estimées;;;Non;0;0;0;
2024;22895;13;13055;Marseille;30/07/2024 20:46;50;0;50;0;0;0;;;;;Estimées;1;Malveillance;Non;;;;
2024;22304;11;11436;Villesèque-des-Corbières;30/07/2024 21:18;300;300;;;;;;;;;Mesurées;;;Non;0;0;0;
2024;23037;74;74276;Taninges;31/07/2024 11:57;200;200;;0;0;0;;;;;Estimées;;Involontaire (travaux);Non;;;;
2024;26930;24;24376;Saint Aulaye-Puymangou;31/07/2024 12:19;500;500;;0;0;0;;;;;Estimées;;Accidentelle;Non;0;0;0;
2024;27651;2A;2A204;Pastricciola;31/07/2024 12:31;40;0;40;0;0;0;;;;;Mesurées;;Naturelle;Non;;;;
2024;28300;2A;2A006;Alata;31/07/2024 15:11;100;0;100;0;0;0;;;;;Mesurées;;Involontaire (particulier);Non;;;;
2024;22810;13;13002;Allauch;31/07/2024 17:11;50;50;0;0;0;0;;;;;Mesurées;1;Malveillance;Non;;;;
2024;27509;16;16347;Saint-Romain;31/07/2024 17:48;2030;30;;0;2000;0;;;;;Estimées;;;Non;0;0;0;
2024;21403;34;34134;Lavérune;31/07/2024 19:46;806;0;806;0;0;0;;;;;Mesurées;;Malveillance;Non;;;;
2024;21680;13;13055;Marseille;31/07/2024 20:07;50;0;50;0;0;0;;;;;Estimées;1;;Non;;;;
2024;21681;13;13055;Marseille;31/07/2024 22:41;150;0;150;0;0;0;;;;;Estimées;2;Accidentelle;Non;;;;
2024;21457;2B;2B350;Vignale;01/08/2024 01:22;250;0;250;0;0;0;;;;;Estimées;;;Non;;;;
2024;28248;2A;2A092;Conca;01/08/2024 03:42;500;0;500;0;0;0;;;;;Mesurées;;Malveillance;Non;;;;
2024;28485;30;30080;Chamborigaud;01/08/2024 14:40;450;450;;;;;;;;;Mesurées;;Accidentelle;Non;;;;
2024;24176;56;56186;Quiberon;01/08/2024 14:49;20;20;;0;0;0;;;;;Estimées;;;Non;;;;
2024;28249;2A;2A004;Ajaccio;01/08/2024 15:05;24000;0;24000;0;0;0;;;;;Mesurées;;Involontaire (particulier);Non;;;;
2024;27038;40;40111;Geloux;01/08/2024 16:35;1100;1100;;0;0;0;;;;;Estimées;;;Non;0;0;0;
2024;24760;49;49369;Vernoil-le-Fourrier;01/08/2024 17:12;800;800;;0;0;0;;;;;Estimées;;Accidentelle;Non;;;;
2024;22309;11;11116;Cuxac-d'Aude;01/08/2024 18:13;49966;0;49966;0;0;0;;;;;Mesurées;;;Non;;;;
2024;28821;07;07209;Saint-Andéol-de-Fourchades;01/08/2024 18:35;600;600;0;0;0;0;;;;;Estimées;3;Accidentelle;Non;;;;
2024;22828;13;13040;Fuveau;01/08/2024 20:57;5;5;0;0;0;0;;;;;Mesurées;1;;Non;;;;
2024;28250;2A;2A092;Conca;02/08/2024 00:05;1020;0;1020;0;0;0;;;;;Mesurées;;Malveillance;Non;;;;
2024;22310;11;11122;Douzens;02/08/2024 02:23;10000;0;10000;0;0;0;;;;;Mesurées;;Accidentelle;Non;;;;
2024;24280;976;97609;Kani-Kéli;02/08/2024 09:30;50000;40000;;0;10000;0;;;;;Mesurées;;Involontaire (travaux);Non;;;;
2024;22311;11;11330;Rustiques;02/08/2024 10:00;325;325;0;0;0;0;;;;;Mesurées;;Malveillance;Non;;;;
2024;26767;33;33199;Gujan-Mestras;02/08/2024 10:49;10;10;;0;0;0;;;;;Estimées;;;Non;0;0;0;
2024;22312;11;11248;Montirat;02/08/2024 14:17;30;0;30;0;0;0;;;;;Mesurées;;;Non;;;;
2024;22313;11;11146;Floure;02/08/2024 15:10;42731;7731;35000;0;0;0;;;;;Mesurées;;Accidentelle;Non;;;;
2024;21392;34;34095;Fabrègues;02/08/2024 15:18;511500;511500;0;0;0;0;;;;;Mesurées;3;Malveillance;Non;;;;
2024;22861;13;13044;Grans;02/08/2024 16:46;10;10;0;0;0;0;;;;;Mesurées;1;Accidentelle;Non;;;;
2024;25065;85;85194;Les Sables-d'Olonne;02/08/2024 16:58;100;100;;0;0;0;;;;;Estimées;;Naturelle;Non;;;;
2024;21432;66;66093;Laroque-des-Albères;02/08/2024 17:08;8;8;0;0;0;0;;;;;Estimées;;;Non;;;;
2024;21431;66;66093;Laroque-des-Albères;02/08/2024 17:08;2;2;0;0;0;0;;;;;Estimées;;;Non;;;;
2024;22314;11;11272;Palaja;02/08/2024 17:29;30;30;0;0;0;0;;;;;Mesurées;;;Non;;;;
2024;22315;11;11396;Trausse;02/08/2024 17:58;20;20;;;;;;;;;Mesurées;;;Non;0;0;0;
2024;21389;34;34188;Olmet-et-Villecun;02/08/2024 19:00;3834;3834;0;0;0;0;;;;;Mesurées;3;Naturelle;Non;;;;
2024;21388;34;34144;Lunas;02/08/2024 19:16;2580;2580;0;0;0;0;;;;;Mesurées;3;Naturelle;Non;;;;
2024;21387;34;34341;Villeveyrac;02/08/2024 19:25;319;319;0;0;0;0;;;;;Mesurées;4;Naturelle;Non;;;;
2024;21682;13;13055;Marseille;02/08/2024 19:45;50;0;50;0;0;0;;;;;Estimées;1;;Non;;;;
2024;21462;2B;2B346;Vescovato;02/08/2024 20:09;12300;0;12300;0;0;0;;;;;Estimées;1;;Non;;;;
2024;28070;84;84009;La Bastide-des-Jourdans;02/08/2024 22:54;2440;1000;0;0;0;1440;;;;;Mesurées;;Accidentelle;Non;;;;
2024;22863;13;13034;Eygalières;03/08/2024 08:33;1300;1300;0;0;0;0;;;;;Mesurées;1;Naturelle;Non;;;;
2024;21384;34;34277;Saint-Maurice-Navacelles;03/08/2024 09:22;667;667;0;0;0;0;;;;;Estimées;1;Accidentelle;Non;;;;
2024;28252;2A;2A041;Bonifacio;03/08/2024 11:30;3800;0;3800;0;0;0;;;;;Mesurées;;Accidentelle;Non;;;;
2024;28251;2A;2A041;Bonifacio;03/08/2024 11:30;900;0;900;0;0;0;;;;;Mesurées;;Accidentelle;Non;;;;
2024;22866;13;13015;Bouc-Bel-Air;03/08/2024 15:10;60;60;0;0;0;0;;;;;Mesurées;1;Malveillance;Non;;;;
2024;22868;13;13015;Bouc-Bel-Air;03/08/2024 15:10;1750;1750;0;0;0;0;;;;;Mesurées;1;Malveillance;Non;;;;
2024;22867;13;13015;Bouc-Bel-Air;03/08/2024 15:15;2;2;0;0;0;0;;;;;Mesurées;1;Malveillance;Non;;;;
2024;22869;13;13015;Bouc-Bel-Air;03/08/2024 15:15;2;2;0;0;0;0;;;;;Mesurées;1;Malveillance;Non;;;;
2024;22865;13;13041;Gardanne;03/08/2024 15:29;1500;1500;0;0;0;0;;;;;Mesurées;1;Malveillance;Non;;;;
2024;22864;13;13001;Aix-en-Provence;03/08/2024 15:30;10;10;0;0;0;0;;;;;Mesurées;1;Malveillance;Non;;;;
2024;22862;13;13041;Gardanne;03/08/2024 16:01;14000;14000;0;0;0;0;;;;;Mesurées;1;Malveillance;Non;;;;
2024;21380;34;34069;Cazouls-lès-Béziers;03/08/2024 17:35;5148;5148;0;0;0;0;;;;;Mesurées;1;Involontaire (particulier);Non;;;;
2024;25913;11;11370;Salles-d'Aude;03/08/2024 20:50;450;450;0;0;0;0;;;;;Mesurées;;;Non;;;;
2024;22317;11;11037;Berriac;04/08/2024 00:18;8700;1000;0;0;7700;0;;;;;Mesurées;;;Non;;;;
2024;22318;11;11170;Gruissan;04/08/2024 01:57;50;0;50;0;0;0;;;;;Mesurées;;;Non;;;;
2024;21372;34;34031;Bessan;04/08/2024 06:03;1823;1823;0;0;0;0;;;;;Mesurées;4;Malveillance;Non;;;;
2024;28812;07;07209;Saint-Andéol-de-Fourchades;04/08/2024 08:48;200;200;0;0;0;0;;;;;Estimées;3;Involontaire (travaux);Non;;;;
2024;28734;07;07295;Saint-Sauveur-de-Montagut;04/08/2024 12:47;2;2;0;0;0;0;;;;;Estimées;3;Malveillance;Non;;;;
2024;24281;976;97606;Chirongui;04/08/2024 12:50;30000;30000;;0;0;0;;;;;Estimées;;Involontaire (travaux);Non;;;;
2024;21370;34;34032;Béziers;04/08/2024 12:59;17950;17950;0;0;0;0;;;;;Mesurées;1;;Non;;;;
2024;22320;11;11330;Rustiques;04/08/2024 13:06;235;235;0;0;0;0;;;;;Mesurées;;;Non;;;;
2024;22871;13;13056;Martigues;04/08/2024 13:48;7500;7500;0;0;0;0;;;;;Mesurées;1;Malveillance;Non;;;;
2024;22321;11;11436;Villesèque-des-Corbières;04/08/2024 14:13;500;0;500;0;0;0;;;;;Mesurées;;;Non;;;;
2024;21683;13;13055;Marseille;04/08/2024 15:22;10000;5000;3000;0;2000;0;;;;;Estimées;1;Malveillance;Non;;;;
2024;28254;2A;2A040;Bocognano;04/08/2024 15:45;150;0;150;0;0;0;;;;;Mesurées;;Naturelle;Non;;;;
2024;22322;11;11369;Sallèles-d'Aude;04/08/2024 17:19;30;0;30;0;0;0;;;;;Mesurées;;;Non;;;;
2024;22323;11;11025;Bagnoles;04/08/2024 17:54;39900;39900;0;0;0;0;;;;;Mesurées;;Malveillance;Non;;;;
2024;21364;34;34188;Olmet-et-Villecun;04/08/2024 18:09;7333;7333;0;0;0;0;;;;;Mesurées;3;Malveillance;Non;;;;
2024;22870;13;13063;Miramas;04/08/2024 18:53;20;20;0;0;0;0;;;;;Mesurées;1;Involontaire (particulier);Non;;;;
2024;28253;2A;2A031;Bastelica;04/08/2024 19:15;187000;7000;180000;0;0;0;;;;;Mesurées;;Naturelle;Non;;;;
2024;22324;11;11040;Bizanet;04/08/2024 20:23;5000;0;5000;0;0;0;;;;;Mesurées;;;Non;;;;
2024;22325;11;11069;Carcassonne;04/08/2024 22:12;3000;0;3000;0;0;0;;;;;Mesurées;;;Non;;;;
2024;22011;04;04039;Castellane;05/08/2024 07:34;2;2;0;0;0;0;;;;;Mesurées;;Involontaire (particulier);Non;;;;
2024;22873;13;13039;Fos-sur-Mer;05/08/2024 12:09;150;150;0;0;0;0;;;;;Mesurées;1;;Non;;;;
2024;28818;07;07232;Saint-Étienne-de-Lugdarès;05/08/2024 14:30;500;500;0;0;0;0;;;;;Estimées;4;Naturelle;Non;;;;
2024;21453;06;06158;Villars-sur-Var;05/08/2024 15:44;500;0;500;0;0;0;;;;;Estimées;;Naturelle;Non;;;;
2024;21529;48;48127;Monts-de-Randon;05/08/2024 16:35;600;0;600;0;0;0;;;;;Mesurées;1;Involontaire (travaux);Non;;;;
2024;22872;13;13097;Saint-Martin-de-Crau;05/08/2024 16:54;12000;12000;0;0;0;0;;;;;Mesurées;1;Accidentelle;Non;;;;
2024;21659;34;34170;Montouliers;05/08/2024 17:42;474300;474300;0;0;0;0;;;;;Mesurées;1;Involontaire (travaux);Non;;;;
2024;21656;34;34016;Aumelas;05/08/2024 21:04;788;0;788;0;0;0;;;;;Mesurées;1;Accidentelle;Non;;;;
2024;28256;2A;2A189;Olmeto;05/08/2024 21:15;20;0;20;0;0;0;;;;;Mesurées;;Involontaire (particulier);Non;;;;
2024;21464;2B;2B236;Poggio-di-Nazza;05/08/2024 21:18;1;0;1;0;0;0;;;;;Estimées;;Naturelle;Non;;;;
2024;28255;2A;2A247;Porto-Vecchio;05/08/2024 22:30;20;0;20;0;0;0;;;;;Mesurées;;Involontaire (particulier);Non;;;;
2024;22896;13;13055;Marseille;06/08/2024 07:22;2000;0;2000;0;0;0;;;;;Estimées;1;Malveillance;Non;;;;
2024;22874;13;13026;Châteauneuf-les-Martigues;06/08/2024 10:50;20;20;0;0;0;0;;;;;Mesurées;1;Involontaire (particulier);Non;;;;
2024;28078;84;84078;Mondragon;06/08/2024 11:29;2;2;0;0;0;0;;;;;Estimées;;;Non;;;;
2024;22331;11;11435;Villerouge-Termenès;06/08/2024 15:02;600;0;600;0;0;0;;;;;Mesurées;;Malveillance;Non;;;;
2024;26987;24;24292;Montpeyroux;06/08/2024 17:00;8000;8000;;0;0;0;;;;;Estimées;;Malveillance;Non;;;;
2024;26774;33;33144;Cudos;06/08/2024 19:42;150;150;;0;0;0;;;;;Estimées;;;Non;0;0;0;
2024;22332;11;11397;Trèbes;06/08/2024 21:35;3323;0;3323;0;0;0;;;;;Mesurées;;Malveillance;Non;;;;
2024;22876;13;13051;Lançon-Provence;07/08/2024 00:16;20;20;0;0;0;0;;;;;Mesurées;1;Involontaire (particulier);Non;;;;
2024;21648;34;34010;Aniane;07/08/2024 00:42;946;946;0;0;0;0;;;;;Mesurées;1;Malveillance;Non;;;;
2024;22139;26;26249;Pont-de-Barret;07/08/2024 11:07;5;5;0;0;0;0;;;;;Estimées;;;Non;;;;
2024;21710;2B;2B102;Crocicchia;07/08/2024 11:39;7000;0;7000;0;0;0;;;;;Estimées;1;;Non;;;;
2024;21642;34;34092;Cruzy;07/08/2024 12:59;255600;255600;0;0;0;0;;;;;Mesurées;1;Involontaire (travaux);Non;;;;
2024;21639;34;34051;Canet;07/08/2024 15:17;75;75;0;0;0;0;;;;;Mesurées;1;Accidentelle;Non;;;;
2024;22336;11;11025;Bagnoles;07/08/2024 15:26;500;500;;;;;;;;;Mesurées;;;Non;0;0;0;
2024;22877;13;13044;Grans;07/08/2024 15:50;800;800;0;0;0;0;;;;;Mesurées;1;;Non;;;;
2024;28802;07;07209;Saint-Andéol-de-Fourchades;07/08/2024 16:35;100;100;0;0;0;0;;;;;Estimées;3;Involontaire (travaux);Non;;;;
2024;22337;11;11069;Carcassonne;07/08/2024 18:09;4000;0;4000;0;0;0;;;;;Mesurées;;;Non;;;;
2024;28507;30;30062;Calvisson;07/08/2024 18:10;717;717;;;;;;;;;Mesurées;;Involontaire (particulier);Non;;;;
2024;21998;04;04023;Bayons;07/08/2024 21:30;26500;26500;0;0;0;0;;;;;Mesurées;5;Naturelle;Non;;;;
2024;28508;30;30138;Langlade;08/08/2024 03:27;198;198;;;;;;;;;Mesurées;;Involontaire (particulier);Non;;;;
2024;22899;13;13055;Marseille;08/08/2024 05:37;200;0;200;0;0;0;;;;;Estimées;1;Malveillance;Non;;;;
2024;21814;05;05026;Ceillac;08/08/2024 06:58;50;50;0;0;0;0;;;;;Estimées;;Involontaire (particulier);Non;;;;
2024;25932;73;73232;Sainte-Foy-Tarentaise;08/08/2024 12:23;10;10;;0;0;0;;;;;Mesurées;;;Non;;;;
2024;22879;13;13056;Martigues;08/08/2024 12:51;50;50;0;0;0;0;;;;;Mesurées;1;Involontaire (particulier);Non;;;;
2024;21879;58;58160;Marzy;08/08/2024 15:02;250;250;;0;0;0;;;;;Estimées;;;Non;;;;
2024;22339;11;11063;Campagne-sur-Aude;08/08/2024 16:19;9000;0;9000;0;0;0;;;;;Mesurées;;Accidentelle;Non;;;;
2024;22340;11;11435;Villerouge-Termenès;08/08/2024 17:16;300;300;0;0;0;0;;;;;Mesurées;;Malveillance;Non;;;;
2024;22880;13;13079;Puyloubier;08/08/2024 17:28;2000;2000;0;0;0;0;;;;;Mesurées;1;;Non;;;;
2024;26933;24;24272;Minzac;08/08/2024 17:39;1000;1000;;0;0;0;;;;;Estimées;;Involontaire (particulier);Non;0;0;0;
2024;22341;11;11299;Preixan;08/08/2024 18:42;650;100;;;550;;;;;;Mesurées;;;Non;0;0;0;
2024;22878;13;13019;Cabriès;08/08/2024 19:27;2000;2000;0;0;0;0;;;;;Mesurées;1;Involontaire (particulier);Non;;;;
2024;28084;84;84026;Cadenet;09/08/2024 01:56;1600;1600;0;0;0;0;;;;;Mesurées;5;;Non;;;;
2024;21579;66;66222;Vernet-les-Bains;09/08/2024 12:10;20;20;0;0;0;0;;;;;Estimées;;Naturelle;Non;;;;
2024;21980;63;63463;Viscomtat;09/08/2024 13:27;500;500;;0;0;0;;;;;Estimées;;;Non;;;;
2024;21979;63;63463;Viscomtat;09/08/2024 13:27;100;100;;0;0;0;;;;;Estimées;;;Non;;;;
2024;26528;17;17241;Montguyon;09/08/2024 14:44;300;300;;0;0;0;;;;;Estimées;;Accidentelle;Non;0;0;0;
2024;22882;13;13081;Rognac;09/08/2024 15:05;2000;2000;0;0;0;0;;;;;Mesurées;1;Involontaire (particulier);Non;;;;
2024;28257;2A;2A089;Ciamannacce;09/08/2024 16:31;10;0;10;0;0;0;;;;;Mesurées;;Naturelle;Non;;;;
2024;23047;74;74235;Saint-Germain-sur-Rhône;09/08/2024 18:53;1;1;;0;0;0;;;;;Estimées;;;Non;;;;
2024;22892;13;13055;Marseille;09/08/2024 21:19;300;0;300;0;0;0;;;;;Estimées;6;Malveillance;Non;;;;
2024;22898;13;13055;Marseille;09/08/2024 23:09;500;100;400;0;0;0;;;;;Estimées;2;Accidentelle;Non;;;;
2024;22881;13;13110;Trets;09/08/2024 23:12;5;5;0;0;0;0;;;;;Mesurées;1;;Non;;;;
2024;22811;13;13071;Les Pennes-Mirabeau;10/08/2024 00:33;30;30;0;0;0;0;;;;;Mesurées;1;Involontaire (particulier);Non;;;;
2024;21718;2B;2B095;Corscia;10/08/2024 03:21;3000;0;3000;0;0;0;;;;;Estimées;;;Non;;;;
2024;22813;13;13047;Istres;10/08/2024 04:13;30;30;0;0;0;0;;;;;Mesurées;1;Malveillance;Non;;;;
2024;24180;56;56172;Plumelec;10/08/2024 10:26;10;10;;0;0;0;;;;;Estimées;;;Non;;;;
2024;22902;13;13055;Marseille;10/08/2024 11:43;25;0;25;0;0;0;;;;;Estimées;5;;Non;;;;
2024;25314;27;27116;Brionne;10/08/2024 11:46;22000;22000;;0;0;0;;;;;Mesurées;;Malveillance;Non;;;;
2024;22822;13;13001;Aix-en-Provence;10/08/2024 13:24;5;5;0;0;0;0;;;;;Mesurées;1;Involontaire (particulier);Non;;;;
2024;21821;06;06058;Escragnolles;10/08/2024 14:47;300;0;300;0;0;0;;;;;Estimées;;Involontaire (particulier);Non;;;;
2024;22345;11;11094;Clermont-sur-Lauquet;10/08/2024 15:24;600;600;0;0;0;0;;;;;Mesurées;;Accidentelle;Non;;;;
2024;24190;56;56169;Plouhinec;10/08/2024 15:25;250;250;;0;0;0;;;;;Estimées;;;Non;;;;
2024;21892;44;44001;Abbaretz;10/08/2024 15:45;70;70;;0;0;0;;;;;Estimées;;;Non;;;;
2024;24182;56;56172;Plumelec;10/08/2024 15:56;300;300;;0;0;0;;;;;Estimées;;;Non;;;;
2024;27063;40;40123;Herm;10/08/2024 16:16;76196;76196;;0;0;0;;;;;Mesurées;;Involontaire (travaux);Non;0;0;0;
2024;22812;13;13071;Les Pennes-Mirabeau;10/08/2024 16:40;250;250;0;0;0;0;;;;;Mesurées;1;Involontaire (particulier);Non;;;;
2024;22346;11;11251;Val-de-Dagne;10/08/2024 17:22;150;0;150;0;0;0;;;;;Mesurées;;Malveillance;Non;;;;
2024;24779;49;49369;Vernoil-le-Fourrier;10/08/2024 18:36;4;4;;0;0;0;;;;;Estimées;;Accidentelle;Non;;;;
2024;28710;07;07209;Saint-Andéol-de-Fourchades;10/08/2024 19:15;1;1;0;0;0;0;;;;;Estimées;3;Involontaire (travaux);Non;;;;
2024;21605;34;34129;Lattes;10/08/2024 19:36;72;0;72;0;0;0;;;;;Estimées;1;Involontaire (particulier);Non;;;;
2024;21602;34;34276;Saint-Mathieu-de-Tréviers;11/08/2024 11:01;270;270;0;0;0;0;;;;;Mesurées;2;Accidentelle;Non;;;;
2024;26369;47;47021;Barbaste;11/08/2024 14:47;364600;364600;;0;0;0;;;;;Mesurées;;Malveillance;Non;;;;
2024;23923;59;59045;Baives;11/08/2024 14:58;50;50;;0;0;0;;;;;Estimées;;Involontaire (travaux);Non;;;;
2024;23325;35;35236;Redon;11/08/2024 15:56;1500;1500;;0;0;0;;;;;Estimées;;;Non;;;;
2024;22348;11;11248;Montirat;11/08/2024 16:29;1;1;0;0;0;0;;;;;Mesurées;;;Non;;;;
2024;24391;12;12300;Villefranche-de-Rouergue;11/08/2024 17:53;25000;25000;;0;0;0;;;;;Mesurées;;;Non;;;;
2024;22145;26;26149;Hostun;11/08/2024 19:06;2000;0;2000;0;0;0;;;;;Estimées;;Involontaire (particulier);Non;;;;
2024;23055;74;74135;Giez;11/08/2024 20:18;1;1;;0;0;0;;;;;Estimées;;;Non;;;;
2024;22500;88;88302;Le Ménil;12/08/2024 06:01;1;1;;0;0;0;;;;;Estimées;;Naturelle;Non;;;;
2024;23058;74;74010;Annecy;12/08/2024 09:03;1;1;;0;0;0;;;;;Estimées;;;Non;;;;
2024;22818;13;13079;Puyloubier;12/08/2024 09:51;200;200;0;0;0;0;;;;;Mesurées;1;Accidentelle;Non;;;;
2024;21739;48;48009;Peyre en Aubrac;12/08/2024 13:00;20;0;20;0;0;0;;;;;Estimées;1;Accidentelle;Non;;;;
2024;22821;13;13005;Aubagne;12/08/2024 15:36;100;100;0;0;0;0;;;;;Mesurées;1;Involontaire (particulier);Non;;;;
2024;22820;13;13015;Bouc-Bel-Air;12/08/2024 15:43;34;34;0;0;0;0;;;;;Mesurées;1;;Non;;;;
2024;28519;30;30147;Lézan;12/08/2024 15:59;9550;9550;0;0;0;0;;;;;Mesurées;;Involontaire (travaux);Non;;;;
2024;21724;2B;2B320;Tallone;12/08/2024 16:02;130000;0;130000;0;0;0;;;;;Estimées;1;;Non;;;;
2024;22819;13;13040;Fuveau;12/08/2024 19:28;50;50;0;0;0;0;;;;;Estimées;1;Malveillance;Non;;;;
2024;28258;2A;2A017;Appietto;12/08/2024 22:18;1000;0;1000;0;0;0;;;;;Mesurées;;Malveillance;Non;;;;
2024;28772;07;07196;Rocles;13/08/2024 00:16;20;20;0;0;0;0;;;;;Estimées;3;;Non;;;;
2024;28266;2A;2A017;Appietto;13/08/2024 01:24;10000;0;10000;0;0;0;;;;;Mesurées;;Malveillance;Non;;;;
2024;28261;2A;2A048;Calcatoggio;13/08/2024 01:24;10000;0;10000;0;0;0;;;;;Mesurées;;Malveillance;Non;;;;
2024;28263;2A;2A017;Appietto;13/08/2024 01:24;38000;0;38000;0;0;0;;;;;Mesurées;;Malveillance;Non;;;;
2024;28260;2A;2A048;Calcatoggio;13/08/2024 01:24;20000;0;20000;0;0;0;;;;;Mesurées;;Malveillance;Non;;;;
2024;26795;33;33236;Lège-Cap-Ferret;13/08/2024 02:17;100;100;;0;0;0;;;;;Estimées;;;Non;0;0;0;
2024;21915;2B;2B039;Bisinchi;13/08/2024 11:40;80000;0;80000;0;0;0;;;;;Estimées;1;;Non;;;;
2024;28096;84;84020;Bonnieux;13/08/2024 11:55;100;100;0;0;0;0;;;;;Mesurées;;Involontaire (particulier);Non;;;;
2024;28265;2A;2A103;Cuttoli-Corticchiato;13/08/2024 13:02;150;0;150;0;0;0;;;;;Mesurées;;;Non;;;;
2024;28264;2A;2A268;Sampolo;13/08/2024 14:17;500;0;500;0;0;0;;;;;Mesurées;;Malveillance;Non;;;;
2024;23060;74;74102;Dingy-Saint-Clair;13/08/2024 16:00;1;1;;0;0;0;;;;;Estimées;;;Non;;;;
2024;23099;974;97412;Saint-Joseph;13/08/2024 16:04;80;80;;0;0;0;;;;;Mesurées;;;Non;;;;
2024;22349;11;11012;Argeliers;13/08/2024 16:42;80;0;80;0;0;0;;;;;Mesurées;;;Non;;;;
2024;26529;17;17452;La Tremblade;13/08/2024 17:00;50;50;;0;0;0;;;;;Estimées;;;Non;0;0;0;
2024;28262;2A;2A247;Porto-Vecchio;13/08/2024 17:52;663;0;663;0;0;0;;;;;Mesurées;;Malveillance;Non;;;;
2024;21751;01;01419;Thoiry;13/08/2024 18:00;20000;10000;;10000;0;0;;;;;Estimées;;Naturelle;Non;;;;
2024;21740;48;48088;La Malène;13/08/2024 19:00;20;0;20;0;0;0;;;;;Estimées;;Naturelle;Non;;;;
2024;21862;34;34035;La Boissière;13/08/2024 19:15;68270;0;68270;0;0;0;;;;;Mesurées;1;Involontaire (travaux);Non;;;;
2024;22004;04;04024;Beaujeu;13/08/2024 19:23;3900;3900;0;0;0;0;;;;;Mesurées;5;Naturelle;Non;;;;
2024;28524;30;30045;Bordezac;13/08/2024 19:57;27;27;;;;;;;;;Mesurées;;Naturelle;Non;;;;
2024;28259;2A;2A017;Appietto;13/08/2024 20:25;30;0;30;0;0;0;;;;;Mesurées;;Malveillance;Non;;;;
2024;21817;05;05124;La Rochette;13/08/2024 22:10;340;340;0;0;0;0;;;;;Mesurées;;Naturelle;Non;;;;
2024;26952;24;24183;Fleurac;14/08/2024 00:46;70;70;;0;0;0;;;;;Estimées;;Malveillance;Non;0;0;0;
2024;28098;84;84144;Viens;14/08/2024 12:40;400;400;0;0;0;0;;;;;Estimées;;Accidentelle;Non;;;;
2024;21921;2B;2B185;Oletta;14/08/2024 12:42;169600;0;169600;0;0;0;;;;;Mesurées;1;Malveillance;Non;;;;
2024;21919;2B;2B354;Vivario;14/08/2024 13:43;10;0;10;0;0;0;;;;;Estimées;;;Non;;;;
2024;21822;06;06163;Tende;14/08/2024 15:16;1000;0;1000;0;0;0;;;;;Estimées;;Naturelle;Non;;;;
2024;21920;2B;2B023;Asco;14/08/2024 16:46;10000;0;10000;0;0;0;;;;;Estimées;1;Naturelle;Non;;;;
2024;25343;85;85012;La Barre-de-Monts;14/08/2024 18:45;20;20;;0;0;0;;;;;Estimées;;Naturelle;Non;;;;
2024;21808;48;48152;Ventalon en Cévennes;14/08/2024 19:00;1000;1000;0;0;0;0;;;;;Mesurées;1;Naturelle;;;;;Données partielles ou non valides
2024;22007;04;04039;Castellane;14/08/2024 19:06;600;600;0;0;0;0;;;;;Estimées;;Naturelle;Non;;;;
2024;26859;33;33454;Saint-Morillon;15/08/2024 03:15;15000;15000;;0;0;0;;;;;Estimées;;;Non;0;0;0;
2024;21828;06;06112;Le Rouret;15/08/2024 06:57;20;0;20;0;0;0;;;;;Estimées;;Naturelle;Non;;;;
2024;21824;06;06015;Berre-les-Alpes;15/08/2024 07:55;700;0;700;0;0;0;;;;;Estimées;;Naturelle;Non;;;;
2024;22008;04;04053;Châteauneuf-Val-Saint-Donat;15/08/2024 08:36;20;20;0;0;0;0;;;;;Estimées;;Naturelle;;;;;Données partielles ou non valides
2024;21826;06;06035;Castellar;15/08/2024 08:39;150;0;150;0;0;0;;;;;Estimées;;Naturelle;Non;;;;
2024;21825;06;06023;Breil-sur-Roya;15/08/2024 08:46;10;0;10;0;0;0;;;;;Estimées;;Naturelle;Non;;;;
2024;21827;06;06069;Grasse;15/08/2024 08:50;50;0;50;0;0;0;;;;;Estimées;;Naturelle;Non;;;;
2024;21809;48;48096;Meyrueis;15/08/2024 10:05;5;0;5;0;0;0;;;;;Estimées;1;Naturelle;Non;;;;Données partielles ou non valides
2024;22110;06;06083;Menton;15/08/2024 10:48;10;0;10;0;0;0;;;;;Estimées;;;Non;;;;
2024;21829;06;06057;L'Escarène;15/08/2024 10:56;30;0;30;0;0;0;;;;;Estimées;;Naturelle;Non;;;;
2024;22816;13;13051;Lançon-Provence;15/08/2024 11:29;300;300;0;0;0;0;;;;;Mesurées;1;Accidentelle;Non;;;;
2024;22009;04;04171;Rougon;15/08/2024 12:14;50;50;0;0;0;0;;;;;Estimées;;Naturelle;Non;;;;
2024;21830;06;06034;Castagniers;15/08/2024 12:14;2800;2800;0;0;0;0;;;;;Mesurées;3;Naturelle;Non;;;;
2024;28267;2A;2A004;Ajaccio;15/08/2024 12:23;10;0;10;0;0;0;;;;;Mesurées;;Accidentelle;Non;;;;
2024;28268;2A;2A004;Ajaccio;15/08/2024 12:23;20;0;20;0;0;0;;;;;Mesurées;;Accidentelle;Non;;;;
2024;21823;06;06079;Mandelieu-la-Napoule;15/08/2024 13:04;20;0;20;0;0;0;;;;;Estimées;;Naturelle;Non;;;;
2024;22817;13;13056;Martigues;15/08/2024 15:22;6;6;0;0;0;0;;;;;Mesurées;1;Involontaire (particulier);Non;;;;
2024;22108;06;06003;Andon;15/08/2024 15:44;200;200;0;0;0;0;;;;;Estimées;4;Naturelle;Non;;;;
2024;21810;26;26321;Saint-Nazaire-le-Désert;15/08/2024 16:18;20;0;20;0;0;0;;;;;Estimées;4;Naturelle;Non;;;;
2024;21847;34;34299;Sérignan;15/08/2024 16:58;39777;0;39777;0;0;0;;;;;Mesurées;1;Malveillance;Oui;0;4;0;
2024;25345;85;85012;La Barre-de-Monts;15/08/2024 17:20;1000;1000;;0;0;0;;;;;Estimées;;Naturelle;Non;;;;
2024;22815;13;13026;Châteauneuf-les-Martigues;16/08/2024 13:31;255;255;0;0;0;0;;;;;Mesurées;1;Accidentelle;Non;;;;
2024;23068;74;74001;Abondance;16/08/2024 15:34;4;4;;0;0;0;;;;;Estimées;;;Non;;;;
2024;22356;11;11043;Bouilhonnac;16/08/2024 15:43;547776;12500;408776;0;126500;0;;;;;Mesurées;;Malveillance;Non;;;;
2024;28271;2A;2A114;Figari;16/08/2024 17:47;3;0;3;0;0;0;;;;;Mesurées;;Naturelle;Non;;;;
2024;28272;2A;2A247;Porto-Vecchio;16/08/2024 18:31;1756;1756;0;0;0;0;;;;;Mesurées;;Naturelle;Non;;;;
2024;28269;2A;2A247;Porto-Vecchio;16/08/2024 18:31;80;0;80;0;0;0;;;;;Mesurées;;Naturelle;Non;;;;
2024;28270;2A;2A247;Porto-Vecchio;16/08/2024 18:31;3;0;3;0;0;0;;;;;Mesurées;;Naturelle;Non;;;;
2024;26800;33;33499;Les Salles-de-Castillon;16/08/2024 20:40;300;300;;0;0;0;;;;;Estimées;;;Non;0;0;0;
2024;28274;2A;2A300;San-Gavino-di-Carbini;17/08/2024 09:16;80;80;0;0;0;0;;;;;Mesurées;;Naturelle;Non;;;;
2024;22111;06;06136;Sospel;17/08/2024 11:55;10;0;10;0;0;0;;;;;Estimées;;;Non;;;;
2024;22800;13;13001;Aix-en-Provence;17/08/2024 12:20;560;560;0;0;0;0;;;;;Mesurées;1;Accidentelle;Non;;;;
2024;22814;13;13047;Istres;17/08/2024 13:29;110;110;0;0;0;0;;;;;Mesurées;1;;Non;;;;
2024;28823;07;07330;Vallon-Pont-d'Arc;17/08/2024 13:58;1000;0;1000;0;0;0;;;;;Estimées;5;Involontaire (particulier);Non;;;;
2024;28273;2A;2A288;Sotta;17/08/2024 15:00;50;50;0;0;0;0;;;;;Mesurées;;Naturelle;Non;;;;
2024;21835;34;34113;Gigean;18/08/2024 15:11;3099500;3099500;0;0;0;0;;;;;Mesurées;4;Malveillance;Non;;;;
2024;21926;2B;2B156;Mausoléo;18/08/2024 15:26;5000;0;5000;0;0;0;;;;;Estimées;1;;Non;;;;
2024;26989;24;24587;Vitrac;18/08/2024 15:40;10100;100;;10000;0;0;;;;;Estimées;;Involontaire (particulier);Non;;;;
2024;22801;13;13039;Fos-sur-Mer;18/08/2024 16:51;200;200;0;0;0;0;;;;;Mesurées;1;Accidentelle;Non;;;;
2024;21890;44;44103;Montoir-de-Bretagne;18/08/2024 18:00;10;10;;0;0;0;;;;;Estimées;;;Non;;;;
2024;28102;84;84026;Cadenet;18/08/2024 21:13;600;600;0;0;0;0;;;;;Mesurées;;Malveillance;Non;;;;
2024;21833;34;34183;Nissan-lez-Enserune;18/08/2024 21:25;391100;391100;0;0;0;0;;;;;Mesurées;1;Malveillance;Non;;;;
2024;28275;2A;2A362;Zonza;18/08/2024 22:37;1242;0;1242;0;0;0;;;;;Mesurées;;Malveillance;Non;;;;
2024;22803;13;13081;Rognac;19/08/2024 01:09;500;500;0;0;0;0;;;;;Mesurées;1;;Non;;;;
2024;22922;29;29012;Bolazec;19/08/2024 12:25;150;150;;0;0;0;;;;;Estimées;;Malveillance;Non;;;;
2024;28106;84;84129;Sorgues;19/08/2024 12:46;29000;1700;0;27300;0;0;;;;;Mesurées;;;Non;;;;
2024;22097;34;34213;Poussan;19/08/2024 13:46;512;0;512;0;0;0;;;;;Mesurées;1;Malveillance;Non;;;;
2024;22096;34;34194;Paulhan;19/08/2024 14:48;7986;0;7986;0;0;0;;;;;Mesurées;1;Malveillance;Non;;;;
2024;22095;34;34235;Rosis;19/08/2024 14:52;158;158;0;0;0;0;;;;;Mesurées;4;Involontaire (particulier);Non;;;;
2024;28529;30;30344;Vergèze;19/08/2024 16:45;1303;1303;;;;;;;;;Mesurées;;;Non;;;;
2024;28278;2A;2A254;Quenza;19/08/2024 17:05;112000;2000;110000;0;0;0;;;;;Mesurées;;Naturelle;Non;;;;
2024;22106;05;05046;Embrun;19/08/2024 17:48;300;300;0;0;0;0;;;;;Estimées;;;Non;;;;
2024;28277;2A;2A103;Cuttoli-Corticchiato;19/08/2024 17:58;20;0;20;0;0;0;;;;;Mesurées;;;Non;;;;
2024;27044;40;40310;Soustons;19/08/2024 18:53;2000;2000;;0;0;0;;;;;Estimées;;;Non;0;0;0;
2024;28276;2A;2A160;Moca-Croce;19/08/2024 19:45;10;0;10;0;0;0;;;;;Mesurées;;Naturelle;Non;;;;
2024;22361;11;11325;Rouffiac-d'Aude;19/08/2024 21:46;1500;0;1500;0;0;0;;;;;Mesurées;;;Non;;;;
2024;22189;66;66069;Espira-de-l'Agly;20/08/2024 03:37;45000;0;45000;0;0;0;;;;;Mesurées;;Malveillance;Non;;;;
2024;22363;11;11116;Cuxac-d'Aude;20/08/2024 05:14;500;0;500;0;0;0;;;;;Mesurées;;;Non;;;;
2024;21927;26;26188;Mollans-sur-Ouvèze;20/08/2024 12:22;10;10;0;0;0;0;;;;;Estimées;;Accidentelle;Non;;;;
2024;26534;17;17230;Meschers-sur-Gironde;20/08/2024 12:49;300;300;;0;0;0;;;;;Estimées;;;Non;0;0;0;
2024;22087;34;34032;Béziers;20/08/2024 14:26;26873;26873;0;0;0;0;;;;;Mesurées;2;Accidentelle;Non;;;;
2024;21929;81;81249;Sainte-Gemme;20/08/2024 14:56;100;100;;0;0;0;;;;;Estimées;;Accidentelle;Non;;;;
2024;21939;26;26191;Montboucher-sur-Jabron;20/08/2024 16:18;300;300;0;0;0;0;;;;;Estimées;;;Non;;;;
2024;21945;26;26026;Barret-de-Lioure;20/08/2024 20:02;2500;2500;0;0;0;0;;;;;Estimées;;;Non;;;;
2024;22364;11;11069;Carcassonne;20/08/2024 21:00;200;0;200;0;0;0;;;;;Mesurées;;;Non;;;;
2024;22365;11;11132;Fabrezan;20/08/2024 23:28;7433;0;7433;0;0;0;;;;;Mesurées;;Malveillance;Non;;;;
2024;28847;07;07115;Labeaume;21/08/2024 12:03;20000;5000;15000;0;0;0;;;;;Estimées;5;;Non;;;;
2024;21952;26;26324;Saint-Paul-Trois-Châteaux;21/08/2024 14:16;20000;20000;0;0;0;0;;;;;Estimées;;;Non;;;;
2024;22368;11;11266;Port-la-Nouvelle;21/08/2024 14:24;10;0;10;0;0;0;;;;;Mesurées;;;Non;;;;
2024;22191;66;66115;Montesquieu-des-Albères;21/08/2024 14:30;3140;0;3140;0;0;0;;;;;Mesurées;;Malveillance;Non;;;;
2024;22192;66;66115;Montesquieu-des-Albères;21/08/2024 14:31;10;0;10;0;0;0;;;;;Estimées;;Malveillance;Non;;;;
2024;28835;07;07210;Saint-Andéol-de-Vals;21/08/2024 15:56;5000;5000;0;0;0;0;;;;;Estimées;3;Malveillance;Non;;;;
2024;22369;11;11293;Pomas;21/08/2024 16:04;1967;0;1967;0;0;0;;;;;Mesurées;;Malveillance;Non;;;;
2024;22889;34;34183;Nissan-lez-Enserune;21/08/2024 16:17;5500;5500;0;0;0;0;;;;;Mesurées;1;Involontaire (travaux);Non;;;;
2024;22371;11;11146;Floure;21/08/2024 17:04;350;0;350;0;0;0;;;;;Mesurées;;;Non;;;;
2024;22073;34;34038;Le Bousquet-d'Orb;21/08/2024 17:07;2025;2025;0;0;0;0;;;;;Mesurées;3;;Non;;;;
2024;22071;34;34286;Saint-Privat;21/08/2024 18:11;103393;0;103393;0;0;0;;;;;Mesurées;1;Malveillance;Non;;;;
2024;22374;11;11248;Montirat;22/08/2024 00:53;1750;1750;0;0;0;0;;;;;Mesurées;;Malveillance;Non;;;;
2024;22198;66;66046;Caudiès-de-Fenouillèdes;22/08/2024 01:20;6800;0;6800;0;0;0;;;;;Mesurées;;Malveillance;Non;;;;
2024;22065;34;34144;Lunas;22/08/2024 01:23;198;198;0;0;0;0;;;;;Mesurées;3;;Non;;;;
2024;22109;05;05061;Gap;22/08/2024 08:00;20;20;0;0;0;0;;;;;Estimées;;Involontaire (particulier);Non;;;;
2024;28536;30;30106;Durfort-et-Saint-Martin-de-Sossenac;22/08/2024 11:31;179;179;;;;;;;;;Mesurées;;Involontaire (particulier);Non;;;;
2024;22799;13;13099;Saint-Paul-lès-Durance;22/08/2024 13:28;40;40;0;0;0;0;;;;;Mesurées;1;Accidentelle;Oui;0;1;1;
2024;28826;07;07281;Saint-Péray;22/08/2024 15:13;1500;1500;0;0;0;0;;;;;Estimées;3;;Non;;;;
2024;28117;84;84068;Lourmarin;22/08/2024 16:34;500;500;0;0;0;0;;;;;Mesurées;2;Malveillance;Non;;;;
2024;28539;30;30093;Conqueyrac;22/08/2024 16:45;197;197;;;;;;;;;Mesurées;;Involontaire (particulier);Non;;;;
2024;27064;40;40310;Soustons;22/08/2024 16:52;7094;7094;;0;0;0;;;;;Mesurées;;Malveillance;Non;;;;
2024;22376;11;11043;Bouilhonnac;22/08/2024 16:55;65700;0;65700;0;0;0;;;;;Mesurées;;Malveillance;Non;;;;
2024;28279;2A;2A247;Porto-Vecchio;22/08/2024 17:13;20;0;20;0;0;0;;;;;Mesurées;;Accidentelle;Non;;;;
2024;22058;34;34038;Le Bousquet-d'Orb;22/08/2024 17:48;4083;4083;0;0;0;0;;;;;Mesurées;3;Involontaire (travaux);Non;;;;
2024;28540;30;30217;Rochefort-du-Gard;22/08/2024 19:06;30;30;;;;;;;;;Mesurées;;Involontaire (particulier);Non;;;;
2024;28832;07;07058;Chassiers;22/08/2024 20:51;5000;5000;0;0;0;0;;;;;Estimées;4;;Non;;;;
2024;22205;66;66004;Les Angles;23/08/2024 11:26;15;15;0;0;0;0;;;;;Estimées;;;Non;;;;
2024;22112;06;06129;Saint-Sauveur-sur-Tinée;23/08/2024 13:47;200;200;0;0;0;0;;;;;Estimées;4;Naturelle;Non;;;;
2024;28816;07;07139;Laviolle;23/08/2024 14:01;500;500;0;0;0;0;;;;;Estimées;3;Accidentelle;Non;;;;
2024;22798;13;13047;Istres;23/08/2024 14:02;10000;10000;0;0;0;0;;;;;Mesurées;1;Accidentelle;Non;;;;
2024;22055;34;34274;Saint-Martin-de-Londres;23/08/2024 14:54;21581;0;21581;0;0;0;;;;;Mesurées;1;Involontaire (travaux);Non;;;;
2024;22504;88;88098;Chaumousey;23/08/2024 15:33;4;4;;0;0;0;;;;;Estimées;;;Non;;;;
2024;22207;66;66175;Saint-Génis-des-Fontaines;23/08/2024 16:44;100;0;100;0;0;0;;;;;Mesurées;;Malveillance;Non;;;;
2024;22206;66;66175;Saint-Génis-des-Fontaines;23/08/2024 16:44;140;0;140;0;0;0;;;;;Mesurées;;Malveillance;Non;;;;
2024;22051;34;34017;Aumes;23/08/2024 16:47;442;442;0;0;0;0;;;;;Mesurées;4;Malveillance;Non;;;;
2024;28121;84;84068;Lourmarin;23/08/2024 18:27;310;310;0;0;0;0;;;;;Mesurées;;Malveillance;Non;;;;
2024;22797;13;13034;Eygalières;23/08/2024 19:02;100;100;0;0;0;0;;;;;Mesurées;1;;Non;;;;
2024;26813;33;33029;Le Barp;24/08/2024 10:05;100;100;;0;0;0;;;;;Estimées;;;Non;0;0;0;
2024;22131;2B;2B185;Oletta;24/08/2024 11:30;200;0;200;0;0;0;;;;;Estimées;;;Non;;;;
2024;26863;33;33151;Donnezac;24/08/2024 13:36;20000;20000;;0;0;0;;;;;Estimées;;Accidentelle;Non;0;0;0;
2024;22209;66;66107;Maury;24/08/2024 13:44;12000;0;12000;0;0;0;;;;;Mesurées;;Involontaire (particulier);Non;;;;
2024;27049;40;40287;Sanguinet;24/08/2024 13:48;1;1;;0;0;0;;;;;Estimées;;;Non;0;0;0;
2024;22120;69;69255;Vaugneray;24/08/2024 14:01;76700;23400;;0;53300;0;;;;;Mesurées;;Involontaire (particulier);Oui;0;1;0;
2024;22037;26;26271;La Roche-de-Glun;24/08/2024 14:08;2000;2000;0;0;0;0;;;;;Estimées;;;Non;;;;
2024;22121;69;69050;Châtillon;24/08/2024 14:11;35024;1024;;0;34000;0;;;;;Mesurées;;Accidentelle;Non;;;;
2024;23070;74;74096;Cruseilles;24/08/2024 14:43;30;30;;0;0;0;;;;;Estimées;;Involontaire (travaux);Non;;;;
2024;28542;30;30136;Junas;24/08/2024 16:15;262;262;;;;;;;;;Mesurées;;Malveillance;Non;;;;
2024;28543;30;30136;Junas;24/08/2024 16:15;183;183;;;;;;;;;Mesurées;;Malveillance;Non;;;;
2024;27065;40;40317;Tosse;24/08/2024 16:47;27300;27300;;0;0;0;;;;;Mesurées;;;Non;;;;
2024;22211;66;66225;Villelongue-dels-Monts;24/08/2024 17:16;283800;48000;0;0;0;235800;;;;;Mesurées;;Malveillance;Oui;0;0;1;
2024;26864;33;33205;Illats;24/08/2024 17:54;12000;12000;;0;0;0;;;;;Estimées;;Accidentelle;Non;0;0;0;
2024;29293;25;25371;Mazerolles-le-Salin;24/08/2024 21:23;100;100;;0;0;0;;;;;Estimées;;;Non;0;0;0;
2024;26554;17;17118;Corignac;24/08/2024 21:28;20000;20000;;0;0;0;;;;;Estimées;;Malveillance;Non;;;;
2024;26814;33;33333;Le Porge;25/08/2024 03:11;1500;1500;;0;0;0;;;;;Estimées;;Malveillance;Non;0;0;0;
2024;22796;13;13103;Salon-de-Provence;25/08/2024 11:27;20000;20000;0;0;0;0;;;;;Mesurées;1;Malveillance;Non;;;;
2024;22041;34;34024;Balaruc-le-Vieux;25/08/2024 14:05;165;0;165;0;0;0;;;;;Mesurées;1;Malveillance;Non;;;;
2024;22776;13;13041;Gardanne;25/08/2024 18:41;100;100;0;0;0;0;;;;;Mesurées;1;Malveillance;Non;;;;
2024;28850;07;07339;Vesseaux;25/08/2024 22:41;20000;20000;0;0;0;0;;;;;Estimées;4;Malveillance;Non;;;;
2024;22773;13;13056;Martigues;26/08/2024 00:46;300;300;0;0;0;0;;;;;Mesurées;1;Malveillance;Non;;;;
2024;27050;40;40060;Callen;26/08/2024 11:24;1000;1000;;0;0;0;;;;;Estimées;;Involontaire (particulier);Non;0;0;0;
2024;22383;11;11043;Bouilhonnac;26/08/2024 11:32;2000;0;2000;0;0;0;;;;;Mesurées;;Malveillance;Non;;;;
2024;22382;11;11183;Ladern-sur-Lauquet;26/08/2024 11:35;5000;0;4000;0;1000;0;;;;;Mesurées;;Involontaire (travaux);Non;;;;
2024;22459;46;46212;Orniac;26/08/2024 14:41;130000;5000;;5000;120000;0;;;;;Mesurées;;Involontaire (travaux);Non;;;;
2024;22774;13;13069;Pélissanne;26/08/2024 14:57;10;10;0;0;0;0;;;;;Mesurées;1;Accidentelle;Non;;;;
2024;26991;24;24540;Sorges et Ligueux en Périgord;26/08/2024 15:24;10000;10000;;0;0;0;;;;;Estimées;;Accidentelle;Non;;;;
2024;26866;33;33142;Cubnezais;26/08/2024 15:43;15000;5000;;10000;0;0;;;;;Estimées;;;Non;0;0;0;
2024;22125;06;06019;Blausasc;26/08/2024 16:27;50;50;0;0;0;0;;;;;Estimées;4;;Non;;;;
2024;27183;86;86281;Saint-Martin-la-Pallu;26/08/2024 16:38;30;30;;0;0;0;;;;;Estimées;;;Non;0;0;0;
2024;22775;13;13002;Allauch;26/08/2024 17:47;44;44;0;0;0;0;;;;;Mesurées;1;Involontaire (particulier);Non;;;;
2024;28127;84;84026;Cadenet;26/08/2024 18:16;310;310;0;0;0;0;;;;;Mesurées;;Malveillance;Non;;;;
2024;22240;04;04111;Mane;26/08/2024 19:08;410;410;0;0;0;0;;;;;Mesurées;3;Accidentelle;Non;;;;
2024;28759;07;07161;Montpezat-sous-Bauzon;26/08/2024 21:27;10;0;10;0;0;0;;;;;Estimées;5;;Non;;;;
2024;28848;07;07118;Laboule;26/08/2024 21:34;20000;20000;0;0;0;0;;;;;Estimées;3;;Non;;;;
2024;22904;13;13055;Marseille;26/08/2024 21:51;300;0;300;0;0;0;;;;;Estimées;1;Malveillance;Non;;;;
2024;22784;66;66207;Terrats;26/08/2024 22:25;500;0;500;0;0;0;;;;;Estimées;;Malveillance;Non;;;;
2024;22785;66;66207;Terrats;26/08/2024 22:26;10000;0;10000;0;0;0;;;;;Estimées;;Malveillance;Non;;;;
2024;28544;30;30278;Saint-Laurent-des-Arbres;26/08/2024 23:01;386;386;;;;;;;;;Mesurées;;Accidentelle;Non;;;;
2024;22387;11;11146;Floure;27/08/2024 06:08;30;0;30;0;0;0;;;;;Mesurées;;Malveillance;Non;;;;
2024;28131;84;84019;Bollène;27/08/2024 10:55;1;1;;;;;;;;;Estimées;;;Non;;;;
2024;22440;34;34033;Boisseron;27/08/2024 11:28;335;335;0;0;0;0;;;;;Mesurées;1;Involontaire (particulier);Non;;;;
2024;22560;2B;2B156;Mausoléo;27/08/2024 15:21;1;0;1;0;0;0;;;;;Estimées;;Naturelle;Non;;;;
2024;28280;2A;2A032;Bastelicaccia;27/08/2024 15:57;15;0;15;0;0;0;;;;;Mesurées;;Involontaire (particulier);Non;;;;
2024;28757;07;07119;Le Lac-d'Issarlès;27/08/2024 16:35;10;10;0;0;0;0;;;;;Estimées;4;Involontaire (particulier);Non;;;;
2024;28545;30;30338;Vallérargues;27/08/2024 16:40;26339;26339;0;0;0;0;;;;;Mesurées;;Involontaire (particulier);Non;;;;
2024;22435;34;34087;Cournonsec;27/08/2024 16:51;6273;0;6273;0;0;0;;;;;Mesurées;1;Malveillance;Non;;;;
2024;23094;05;05046;Embrun;27/08/2024 17:26;1020;20;0;1000;0;0;;;;;Estimées;;Malveillance;Non;;;;
2024;22603;48;48061;Florac Trois Rivières;27/08/2024 18:00;80;80;0;0;0;0;;;;;Mesurées;4;;Non;;;;
2024;22225;06;06144;La Tour;27/08/2024 18:31;200;200;0;0;0;0;;;;;Estimées;4;Naturelle;Non;;;;
2024;22224;06;06156;Venanson;27/08/2024 18:47;200;0;200;0;0;0;;;;;Estimées;1;Naturelle;Non;;;;
2024;25857;72;72058;Changé;28/08/2024 10:41;10;10;;0;0;0;;;;;Estimées;;;Non;;;;
2024;22451;06;06003;Andon;28/08/2024 15:24;4500;4200;300;0;0;0;;;;;Mesurées;5;;Non;;;;
2024;27195;86;86009;Archigny;28/08/2024 15:31;150000;50000;;100000;0;0;;;;;Estimées;;;Non;;;;
2024;22454;06;06077;Lucéram;28/08/2024 15:32;700;700;0;0;0;0;;;;;Estimées;;Naturelle;Non;;;;
2024;23097;37;37210;Saint-Benoît-la-Forêt;28/08/2024 16:20;220;220;;0;0;0;;;;;Mesurées;;Involontaire (travaux);Non;;;;
2024;28281;2A;2A204;Pastricciola;28/08/2024 16:33;5;5;0;0;0;0;;;;;Mesurées;;Naturelle;Non;;;;
2024;28284;2A;2A024;Aullène;28/08/2024 17:02;5;0;5;0;0;0;;;;;Mesurées;;Naturelle;Non;;;;
2024;22561;2B;2B354;Vivario;28/08/2024 17:10;200;0;200;0;0;0;;;;;Estimées;;Naturelle;Non;;;;
2024;28282;2A;2A108;Évisa;28/08/2024 17:19;10;0;10;0;0;0;;;;;Mesurées;;Naturelle;Non;;;;
2024;28283;2A;2A198;Ota;28/08/2024 18:03;1;1;0;0;0;0;;;;;Estimées;;Naturelle;Non;;;;
2024;22236;26;26167;Luc-en-Diois;28/08/2024 18:33;3;3;0;0;0;0;;;;;Estimées;;;Non;;;;
2024;23071;74;74213;Poisy;28/08/2024 18:34;10;10;;0;0;0;;;;;Estimées;;Involontaire (travaux);Non;;;;
2024;26376;47;47179;Monsempron-Libos;28/08/2024 18:36;15000;1000;;14000;0;0;;;;;Estimées;;;Non;;;;
2024;26868;33;33284;Mios;28/08/2024 18:58;20000;20000;;0;0;0;;;;;Estimées;;Malveillance;Non;;;;
2024;22381;11;11095;Comigne;28/08/2024 23:29;1;0;1;0;0;0;;;;;Mesurées;;;Non;;;;
2024;27052;40;40167;Luxey;29/08/2024 09:50;5;5;;0;0;0;;;;;Estimées;;;Non;0;0;0;
2024;24184;56;56221;Saint-Jacut-les-Pins;29/08/2024 10:35;200;200;;0;0;0;;;;;Estimées;;;Non;;;;
2024;22426;34;34146;Lunel-Viel;29/08/2024 12:14;176;176;0;0;0;0;;;;;Mesurées;2;Malveillance;Non;;;;
2024;28316;2A;2A247;Porto-Vecchio;29/08/2024 13:17;383000;1000;380000;0;2000;0;;;;;Mesurées;1;Involontaire (particulier);Oui;0;0;1;
2024;28285;2A;2A032;Bastelicaccia;29/08/2024 15:00;2500;0;2500;0;0;0;;;;;Mesurées;;Involontaire (particulier);Non;;;;
2024;22421;34;34079;Clermont-l'Hérault;29/08/2024 15:22;8927;8927;0;0;0;0;;;;;Mesurées;1;Involontaire (particulier);Oui;0;1;1;
2024;22772;13;13106;Septèmes-les-Vallons;29/08/2024 15:29;230;230;0;0;0;0;;;;;Mesurées;1;Malveillance;Non;;;;
2024;22419;34;34095;Fabrègues;29/08/2024 16:03;536;536;0;0;0;0;;;;;Mesurées;4;Malveillance;Non;;;;
2024;22563;2B;2B190;Olmi-Cappella;29/08/2024 16:16;200;0;200;0;0;0;;;;;Estimées;;Naturelle;Non;;;;
2024;29288;25;25370;Mathay;29/08/2024 16:40;100;100;;0;0;0;;;;;Estimées;;;Non;0;0;0;
2024;22417;34;34113;Gigean;29/08/2024 17:10;547;547;0;0;0;0;;;;;Mesurées;4;Malveillance;Non;;;;
2024;22562;2B;2B235;Pioggiola;29/08/2024 17:51;180000;0;180000;0;0;0;;;;;Estimées;1;Naturelle;Non;;;;
2024;29287;25;25434;Ornans;29/08/2024 19:21;100;100;;0;0;0;;;;;Estimées;;;Non;0;0;0;
2024;28813;07;07111;Juvinas;29/08/2024 20:25;400;400;0;0;0;0;;;;;Estimées;3;Malveillance;Non;;;;
2024;22379;11;11170;Gruissan;29/08/2024 20:58;2;0;2;0;0;0;;;;;Mesurées;;;Non;;;;
2024;27417;77;77490;Vendrest;29/08/2024 21:55;1;1;;0;0;0;;;;;Estimées;;;Non;;;;
2024;22564;2B;2B124;Ghisoni;30/08/2024 07:30;20;0;20;0;0;0;;;;;Estimées;;;Non;;;;
2024;26668;87;87161;Saint-Léonard-de-Noblat;30/08/2024 10:36;2;2;;0;0;0;;;;;Mesurées;;;Non;0;0;0;
2024;22452;06;06085;Mougins;30/08/2024 11:53;500;0;500;0;0;0;;;;;Estimées;;;Non;;;;
2024;24873;11;11397;Trèbes;30/08/2024 14:38;1000;0;1000;0;0;0;;;;;Mesurées;;Malveillance;Non;;;;
2024;22453;06;06065;La Gaude;30/08/2024 14:41;10;0;10;0;0;0;;;;;Estimées;;Involontaire (particulier);Non;;;;
2024;22412;34;34265;Saint-Jean-de-Cornies;30/08/2024 14:51;266;266;0;0;0;0;;;;;Mesurées;2;Malveillance;Non;;;;
2024;26669;87;87153;Saint-Julien-le-Petit;30/08/2024 14:53;200;200;;0;0;0;;;;;Mesurées;;;Non;0;0;0;
2024;22410;34;34263;Saint-Hilaire-de-Beauvoir;30/08/2024 15:32;11323;11323;0;0;0;0;;;;;Mesurées;4;Malveillance;Non;;;;
2024;25154;50;50002;Agneaux;30/08/2024 16:05;1200;1200;;0;0;0;;;;;Mesurées;;Malveillance;Non;;;;
2024;22259;81;81192;Murat-sur-Vèbre;30/08/2024 17:49;200;200;;0;0;0;;;;;Estimées;;Accidentelle;Non;;;;
2024;22587;34;34284;Saint-Pons-de-Thomières;30/08/2024 17:55;210;210;0;0;0;0;;;;;Mesurées;2;Accidentelle;Non;;;;
2024;28806;07;07066;Chomérac;31/08/2024 02:59;200;0;200;0;0;0;;;;;Estimées;5;;Non;;;;
2024;27054;40;40304;Soorts-Hossegor;31/08/2024 05:02;10;10;;0;0;0;;;;;Estimées;;;Non;0;0;0;
2024;22566;2B;2B305;San-Martino-di-Lota;31/08/2024 12:35;100;0;100;0;0;0;;;;;Estimées;;;Non;;;;
2024;22402;34;34116;Grabels;31/08/2024 12:43;176;176;0;0;0;0;;;;;Mesurées;4;Malveillance;Non;;;;
2024;22261;43;43121;Léotoing;31/08/2024 16:19;13500;13500;;0;0;0;;;;;Estimées;;;Non;;;;
2024;28844;07;07257;Saint-Julien-le-Roux;31/08/2024 17:13;10000;0;10000;0;0;0;;;;;Estimées;5;Involontaire (particulier);Non;;;;
2024;22401;34;34139;Lieuran-lès-Béziers;31/08/2024 18:53;1030;1030;0;0;0;0;;;;;Mesurées;3;;Non;;;;
2024;27066;40;40287;Sanguinet;31/08/2024 18:58;8750;8750;;0;0;0;;;;;Estimées;;Naturelle;Non;0;0;0;
2024;28815;07;07296;Saint-Sernin;31/08/2024 19:42;400;0;400;0;0;0;;;;;Estimées;5;Involontaire (particulier);Non;;;;
2024;27196;2A;2A119;Frasseto;01/09/2024 03:04;150;0;150;0;0;0;;;;;Estimées;;Malveillance;Non;;;;
2024;23073;74;74104;Doussard;01/09/2024 06:22;30;30;;0;0;0;;;;;Estimées;;;Non;;;;
2024;29283;25;25539;Seloncourt;01/09/2024 08:32;100;50;;0;50;0;;;;;Estimées;;;Non;0;0;0;
2024;22570;2B;2B007;Albertacce;01/09/2024 16:00;1600;0;1600;0;0;0;;;;;Estimées;;Naturelle;Non;;;;
2024;29804;83;83069;Hyères;01/09/2024 16:40;27;27;0;0;0;0;;;;;Estimées;;;Non;;;;Données partielles ou non valides
2024;22771;13;13050;Lambesc;01/09/2024 16:54;80;80;0;0;0;0;;;;;Mesurées;1;;Non;;;;
2024;22396;34;34066;Cazevieille;01/09/2024 20:33;138;0;138;0;0;0;;;;;Mesurées;1;Malveillance;Non;;;;
2024;22598;06;06079;Mandelieu-la-Napoule;02/09/2024 11:25;2000;0;2000;0;0;0;;;;;Estimées;;;Non;;;;
2024;22894;13;13055;Marseille;02/09/2024 14:45;2000;0;2000;0;0;0;;;;;Estimées;1;;Non;;;;
2024;28143;84;84078;Mondragon;02/09/2024 15:45;2600;2600;0;0;0;0;;;;;Mesurées;4;Naturelle;Non;;;;
2024;22599;06;06007;Auribeau-sur-Siagne;02/09/2024 16:18;50;0;50;0;0;0;;;;;Estimées;;Naturelle;Non;;;;
2024;22858;34;34016;Aumelas;02/09/2024 17:11;11484;11484;0;0;0;0;;;;;Mesurées;1;Malveillance;Non;;;;
2024;26555;17;17077;Cercoux;02/09/2024 17:16;10000;10000;;0;0;0;;;;;Estimées;;Naturelle;Non;;;;
2024;28555;30;30349;Vic-le-Fesq;02/09/2024 17:24;3777;3777;;;;;;;;;Mesurées;;Involontaire (particulier);Non;;;;
2024;22600;06;06064;Gattières;02/09/2024 17:31;2;0;2;0;0;0;;;;;Estimées;;Naturelle;Non;;;;
2024;22601;06;06032;Cap-d'Ail;02/09/2024 17:47;11400;0;11400;0;0;0;;;;;Estimées;;Naturelle;Non;;;;
2024;22668;18;18285;Villeneuve-sur-Cher;02/09/2024 18:55;4000;4000;;0;0;0;;;;;Estimées;;;Non;;;;
2024;24879;11;11069;Carcassonne;02/09/2024 20:24;300;0;300;0;0;0;;;;;Mesurées;;;Non;;;;
2024;28827;07;07254;Saint-Julien-du-Serre;02/09/2024 23:34;2000;2000;0;0;0;0;;;;;Estimées;4;;Non;;;;
2024;22855;34;34341;Villeveyrac;03/09/2024 02:11;154;0;154;0;0;0;;;;;Mesurées;1;Malveillance;Non;;;;
2024;22602;06;06147;Tourrette-Levens;03/09/2024 12:15;700;700;0;0;0;0;;;;;Estimées;;Naturelle;Non;;;;
2024;22769;13;13101;Saint-Savournin;03/09/2024 14:40;200;200;0;0;0;0;;;;;Mesurées;1;Naturelle;Non;;;;
2024;28246;84;84038;Cheval-Blanc;03/09/2024 17:09;2400;200;2200;0;0;0;;;;;Mesurées;1;Naturelle;Non;;;;
2024;22770;13;13066;Noves;03/09/2024 19:02;10;10;0;0;0;0;;;;;Mesurées;1;Accidentelle;Non;;;;
2024;23075;74;74161;Marcellaz-Albanais;03/09/2024 19:09;20;20;;0;0;0;;;;;Estimées;;Accidentelle;Non;;;;
2024;22768;13;13011;Les Baux-de-Provence;03/09/2024 19:29;300;300;0;0;0;0;;;;;Mesurées;1;Naturelle;Non;;;;
2024;22823;04;04086;Faucon-de-Barcelonnette;03/09/2024 19:38;6;6;0;0;0;0;;;;;Mesurées;4;;Non;;;;
2024;28146;84;84050;Gordes;04/09/2024 10:10;2;2;0;0;0;0;;;;;Estimées;;;Non;;;;
2024;22766;13;13005;Aubagne;04/09/2024 14:02;2;2;0;0;0;0;;;;;Mesurées;1;Naturelle;Non;;;;
2024;22767;13;13051;Lançon-Provence;04/09/2024 15:27;20;20;0;0;0;0;;;;;Mesurées;1;Naturelle;Non;;;;
2024;27200;2A;2A198;Ota;05/09/2024 07:49;800;0;800;0;0;0;;;;;Estimées;;Naturelle;Non;;;;
2024;27201;2A;2A254;Quenza;05/09/2024 09:56;10;0;10;0;0;0;;;;;Estimées;;Naturelle;Non;;;;
2024;29279;25;25564;Torpes;05/09/2024 13:09;100;100;;0;0;0;;;;;Estimées;;;Non;0;0;0;
2024;22836;34;34032;Béziers;06/09/2024 13:36;491;0;491;0;0;0;;;;;Mesurées;1;Involontaire (travaux);Non;;;;
2024;28154;84;84040;Crestet;07/09/2024 14:25;5;5;0;0;0;0;;;;;Estimées;;;Non;;;;
2024;28799;07;07102;Guilherand-Granges;07/09/2024 15:47;100;0;100;0;0;0;;;;;Estimées;5;Malveillance;Non;;;;
2024;24883;11;11069;Carcassonne;07/09/2024 16:35;5000;0;5000;0;0;0;;;;;Mesurées;;;Non;;;;
2024;28566;30;30209;Pujaut;07/09/2024 16:51;2806;2806;;;;;;;;;Mesurées;;;Non;;;;
2024;22827;26;26278;La Roche-sur-le-Buis;07/09/2024 17:29;10000;10000;0;0;0;0;;;;;Estimées;;;Non;;;;
2024;24884;11;11310;Rennes-les-Bains;07/09/2024 17:55;5;5;;;;;;;;;Mesurées;;;Non;0;0;0;
2024;28155;84;84091;Piolenc;07/09/2024 18:07;1;1;0;0;0;0;;;;;Estimées;;;Non;;;;
2024;24885;11;11117;Davejean;07/09/2024 22:06;30;30;;;;;;;;;Mesurées;;;Non;0;0;0;
2024;24886;11;11053;Brugairolles;07/09/2024 22:44;1000;0;1000;0;0;0;;;;;Mesurées;;;Non;;;;
2024;27202;2A;2A089;Ciamannacce;08/09/2024 13:42;10;0;10;0;0;0;;;;;Estimées;;Malveillance;Non;;;;
2024;22961;66;66010;Ayguatébia-Talau;09/09/2024 13:38;20;20;0;0;0;0;;;;;Estimées;;Accidentelle;Non;;;;
2024;22965;66;66046;Caudiès-de-Fenouillèdes;09/09/2024 23:34;80000;0;80000;0;0;0;;;;;Estimées;;Malveillance;Non;;;;
2024;22966;66;66014;Baixas;10/09/2024 05:16;17200;0;17200;0;0;0;;;;;Mesurées;;Malveillance;Non;;;;
2024;24890;11;11262;Narbonne;10/09/2024 15:26;751162;0;751162;0;0;0;;;;;Mesurées;;Malveillance;Non;;;;
2024;29278;25;25258;Franois;10/09/2024 15:38;100;100;;0;0;0;;;;;Estimées;;;Non;0;0;0;
2024;24891;11;11099;Conques-sur-Orbiel;10/09/2024 17:09;16;0;16;0;0;0;;;;;Mesurées;;;Non;;;;
2024;23890;13;13056;Martigues;10/09/2024 20:39;500;500;0;0;0;0;;;;;Mesurées;1;Malveillance;Non;;;;
2024;24892;11;11257;Monze;10/09/2024 22:49;30;0;30;0;0;0;;;;;Mesurées;;;Non;;;;
2024;22915;06;06049;Courmes;11/09/2024 14:51;400;0;400;0;0;0;;;;;Estimées;1;;Non;;;;
2024;24897;11;11441;Vinassan;11/09/2024 21:03;950;950;0;0;0;0;;;;;Mesurées;3;Malveillance;Non;;;;
2024;22974;66;66033;Camélas;12/09/2024 14:38;2310700;0;1548800;628700;0;133200;;;;;Mesurées;;Accidentelle;Oui;0;0;1;
2024;23079;2B;2B039;Bisinchi;12/09/2024 18:57;10700;0;10700;0;0;0;;;;;Estimées;1;Malveillance;Non;;;;
2024;23138;34;34311;Tourbes;13/09/2024 17:54;24;0;24;0;0;0;;;;;Mesurées;1;Involontaire (travaux);Non;;;;
2024;23892;13;13056;Martigues;13/09/2024 21:42;100;100;0;0;0;0;;;;;Mesurées;1;Malveillance;Non;;;;
2024;22979;66;66060;Corsavy;13/09/2024 23:29;100;100;0;0;0;0;;;;;Estimées;;Accidentelle;Non;;;;
2024;23136;34;34184;Nizas;14/09/2024 09:45;67303;20000;47303;0;0;0;;;;;Mesurées;1;Malveillance;Non;;;;
2024;23893;13;13039;Fos-sur-Mer;14/09/2024 13:53;50;50;0;0;0;0;;;;;Mesurées;1;Involontaire (particulier);Non;;;;
2024;23132;34;34334;Vieussan;14/09/2024 14:26;78;0;78;0;0;0;;;;;Mesurées;1;Involontaire (particulier);Non;;;;
2024;28833;07;07072;Coux;14/09/2024 15:43;5000;0;5000;0;0;0;;;;;Estimées;5;;Non;;;;
2024;23128;34;34334;Vieussan;14/09/2024 18:17;768;768;0;0;0;0;;;;;Mesurées;4;Malveillance;Non;;;;
2024;23121;34;34158;Minerve;15/09/2024 12:37;512700;0;512700;0;0;0;;;;;Mesurées;1;Malveillance;Non;;;;
2024;26838;33;33383;Saint-Christoly-Médoc;15/09/2024 13:51;30;30;;0;0;0;;;;;Estimées;;;Non;0;0;0;
2024;23895;13;13063;Miramas;15/09/2024 14:40;1500;1500;0;0;0;0;;;;;Mesurées;1;Malveillance;Non;;;;
2024;24433;12;12232;Saint-Jean-et-Saint-Paul;15/09/2024 16:52;5;5;;0;0;0;;;;;Estimées;;;Non;;;;
2024;23111;34;34023;Balaruc-les-Bains;15/09/2024 17:32;9891;0;9891;0;0;0;;;;;Mesurées;1;Malveillance;Non;;;;
2024;28583;30;30135;Jonquières-Saint-Vincent;15/09/2024 18:06;58732;58732;0;0;0;0;;;;;Mesurées;;Malveillance;Non;;;;
2024;24909;11;11069;Carcassonne;15/09/2024 20:27;6833;6833;0;0;0;0;;;;;Mesurées;;;Non;;;;
2024;23897;13;13056;Martigues;16/09/2024 03:22;300;300;0;0;0;0;;;;;Mesurées;1;Malveillance;Non;;;;
2024;27057;40;40157;Lit-et-Mixe;16/09/2024 05:06;600;600;;0;0;0;;;;;Estimées;;Involontaire (travaux);Non;0;0;0;
2024;23093;48;48173;Saint-Michel-de-Dèze;16/09/2024 12:32;2600;2600;0;0;0;0;;;;;Mesurées;1;;;;;;Données partielles ou non valides
2024;23401;34;34162;Montagnac;16/09/2024 17:18;114215;0;114215;0;0;0;;;;;Mesurées;1;Malveillance;Non;;;;
2024;23898;13;13056;Martigues;16/09/2024 19:00;300;300;0;0;0;0;;;;;Mesurées;1;Malveillance;Non;;;;
2024;23333;66;66136;Perpignan;16/09/2024 19:11;20000;0;20000;0;0;0;;;;;Estimées;;Malveillance;Non;;;;
2024;24911;11;11397;Trèbes;16/09/2024 19:22;62476;0;62476;0;0;0;;;;;Mesurées;;Malveillance;Non;;;;
2024;23896;13;13039;Fos-sur-Mer;16/09/2024 23:40;50;50;0;0;0;0;;;;;Mesurées;1;Malveillance;Non;;;;
2024;24913;11;11206;Limoux;17/09/2024 16:31;3000;0;1000;0;2000;0;;;;;Mesurées;;;Non;;;;
2024;24915;11;11293;Pomas;18/09/2024 00:48;1;1;0;0;0;0;;;;;Mesurées;;;Non;;;;
2024;24917;11;11397;Trèbes;18/09/2024 09:28;30;0;30;0;0;0;;;;;Mesurées;;;Non;;;;
2024;24919;11;11363;Saint-Pierre-des-Champs;18/09/2024 16:45;100;0;100;0;0;0;;;;;Mesurées;;;Non;;;;
2024;24920;11;11413;Villardonnel;18/09/2024 19:50;20;0;20;0;0;0;;;;;Mesurées;;;Non;;;;
2024;24921;11;11146;Floure;19/09/2024 00:20;500;0;500;0;0;0;;;;;Mesurées;;;Non;;;;
2024;23797;974;97415;Saint-Paul;19/09/2024 14:55;2000;2000;;0;0;0;;;;;Estimées;;;Non;;;;
2024;25157;50;50002;Agneaux;19/09/2024 15:43;300;300;;0;0;0;;;;;Estimées;;Malveillance;Non;;;;
2024;23899;13;13080;Le Puy-Sainte-Réparade;19/09/2024 16:05;600;600;0;0;0;0;;;;;Mesurées;1;Involontaire (particulier);Non;;;;
2024;23303;04;04058;Claret;19/09/2024 17:07;300;300;0;0;0;0;;;;;Estimées;;Accidentelle;Non;;;;
2024;28834;07;07113;Labastide-de-Virac;20/09/2024 15:40;5000;0;5000;0;0;0;;;;;Estimées;5;;Non;;;;
2024;27423;77;77186;Fontainebleau;20/09/2024 16:00;500;500;;0;0;0;;;;;Estimées;;;Non;;;;
2024;28762;07;07232;Saint-Étienne-de-Lugdarès;20/09/2024 16:04;10;0;10;0;0;0;;;;;Estimées;5;;Non;;;;
2024;24926;11;11071;Cascastel-des-Corbières;21/09/2024 11:58;2500;0;2500;0;0;0;;;;;Mesurées;;Malveillance;Non;;;;
2024;29226;25;25541;Septfontaines;21/09/2024 13:06;10000;10000;;0;0;0;;;;;Estimées;;Involontaire (travaux);Non;;;;
2024;23378;34;34147;Magalas;21/09/2024 14:16;74246;0;74246;0;0;0;;;;;Mesurées;1;;Non;;;;
2024;28775;07;07281;Saint-Péray;21/09/2024 14:49;20;20;0;0;0;0;;;;;Estimées;3;Malveillance;Non;;;;
2024;24093;01;01323;Reyssouze;21/09/2024 15:14;10250;250;;10000;0;0;;;;;Estimées;;Malveillance;Non;;;;
2024;28789;07;07281;Saint-Péray;21/09/2024 15:24;40;40;0;0;0;0;;;;;Estimées;3;Malveillance;Non;;;;
2024;26844;33;33203;Hourtin;21/09/2024 17:01;2;2;;0;0;0;;;;;Estimées;;Naturelle;Non;0;0;0;
2024;23347;66;66069;Espira-de-l'Agly;21/09/2024 17:34;10000;10000;0;0;0;0;;;;;Estimées;;Involontaire (particulier);Non;;;;
2024;27425;77;77186;Fontainebleau;24/09/2024 15:03;2;2;;0;0;0;;;;;Estimées;;;Non;;;;
2024;24354;53;53219;Saint-Georges-Buttavent;25/09/2024 16:07;1000;500;;500;0;0;;;;;Estimées;;Accidentelle;Non;;;;
2024;23907;34;34284;Saint-Pons-de-Thomières;28/09/2024 09:09;627;627;0;0;0;0;;;;;Mesurées;4;Involontaire (particulier);Non;;;;
2024;24937;11;11069;Carcassonne;28/09/2024 11:47;1560;1560;;;;;;;;;Mesurées;;;Non;0;0;0;
2024;24939;11;11043;Bouilhonnac;28/09/2024 14:39;4345;0;4345;0;0;0;;;;;Mesurées;;;Non;;;;
2024;24940;11;11037;Berriac;28/09/2024 18:24;20000;5000;15000;0;0;0;;;;;Mesurées;;;Non;;;;
2024;28608;30;30221;Roquemaure;29/09/2024 02:07;135;135;;;;;;;;;Mesurées;1;Malveillance;Non;;;;
2024;28609;30;30221;Roquemaure;29/09/2024 02:07;190;190;;;;;;;;;Mesurées;2;Malveillance;Non;;;;
2024;24942;11;11116;Cuxac-d'Aude;29/09/2024 19:03;500;500;0;0;0;0;;;;;Mesurées;3;Malveillance;Non;;;;
2024;28177;84;84147;Villelaure;30/09/2024 02:34;500;500;0;0;0;0;;;;;Estimées;;Involontaire (particulier);Non;;;;
2024;29809;83;83002;Aiguines;01/10/2024 00:00;714229;0;22900;691300;0;29;;;;;Mesurées;;;;;;;Données partielles ou non valides
2024;23922;974;97412;Saint-Joseph;01/10/2024 10:47;10;10;;0;0;0;;;;;Mesurées;;;Non;;;;
2024;23971;2B;2B039;Bisinchi;02/10/2024 16:26;2000;0;2000;0;0;0;;;;;Estimées;;;Non;;;;
2024;24946;11;11227;Mayronnes;03/10/2024 06:48;10;10;0;0;0;0;;;;;Mesurées;2;Accidentelle;Non;;;;
2024;25925;13;13016;La Bouilladisse;03/10/2024 09:16;20;20;0;0;0;0;;;;;Estimées;1;;Non;;;;
2024;24350;53;53162;Moulay;03/10/2024 13:17;100;100;;0;0;0;;;;;Estimées;;Involontaire (particulier);Non;;;;
2024;24027;34;34186;Octon;03/10/2024 15:00;27053;27053;0;0;0;0;;;;;Estimées;1;Malveillance;Non;;;;
2024;24026;34;34143;Loupian;03/10/2024 15:46;704;0;704;0;0;0;;;;;Mesurées;;Malveillance;Non;;;;
2024;24186;56;56130;Merlevenez;04/10/2024 09:08;300;300;;0;0;0;;;;;Estimées;;;Non;;;;
2024;26845;33;33070;Brach;04/10/2024 22:53;20;20;;0;0;0;;;;;Estimées;;Malveillance;Non;0;0;0;
2024;24948;11;11043;Bouilhonnac;05/10/2024 16:55;4750;0;4750;0;0;0;;;;;Mesurées;;;Non;;;;
2024;24011;34;34093;Dio-et-Valquières;05/10/2024 17:55;11391;11391;0;0;0;0;;;;;Mesurées;1;Involontaire (travaux);Non;;;;
2024;25935;73;73084;Chignin;06/10/2024 18:54;90;90;;0;0;0;;;;;Mesurées;;;Non;;;;
2024;24952;11;11368;Sallèles-Cabardès;09/10/2024 18:05;100;0;100;0;0;0;;;;;Mesurées;;;Non;;;;
2024;27204;2A;2A272;Sartène;09/10/2024 20:37;6;0;6;0;0;0;;;;;Estimées;;Involontaire (travaux);Non;;;;
2024;28194;84;84034;Caumont-sur-Durance;10/10/2024 19:50;300;300;0;0;0;0;;;;;Estimées;;;Non;;;;
2024;24957;11;11037;Berriac;11/10/2024 19:04;1500;0;1500;0;0;0;;;;;Mesurées;3;Involontaire (travaux);Non;;;;
2024;24088;2B;2B123;Ghisonaccia;12/10/2024 16:41;500;0;500;0;0;0;;;;;Estimées;;;Non;;;;
2024;24275;34;34286;Saint-Privat;15/10/2024 12:14;188;0;188;0;0;0;;;;;Mesurées;1;Malveillance;Non;;;;
2024;24962;11;11102;Couffoulens;17/10/2024 20:19;20;0;20;0;0;0;;;;;Mesurées;1;Involontaire (travaux);Non;;;;
2024;25926;13;13063;Miramas;18/10/2024 20:35;50;50;0;0;0;0;;;;;Estimées;1;Malveillance;Non;;;;
2024;24286;2B;2B095;Corscia;20/10/2024 15:16;100;0;100;0;0;0;;;;;Estimées;;;Non;;;;
2024;29812;30;30189;Nîmes;20/10/2024 22:09;4;0;4;0;0;0;;;;;Mesurées;1;;Non;;;;
2024;24964;11;11122;Douzens;21/10/2024 15:05;3000;0;3000;0;0;0;;;;;Mesurées;1;Accidentelle;Non;;;;
2024;24965;11;11055;Bugarach;21/10/2024 18:54;30;0;30;0;0;0;;;;;Mesurées;1;Involontaire (travaux);Non;;;;
2024;29272;25;25285;Grand'Combe-Châteleu;21/10/2024 19:07;100;100;;0;0;0;;;;;Estimées;;;Non;0;0;0;
2024;25223;74;74138;Gruffy;27/10/2024 01:33;1;1;;0;0;0;;;;;Estimées;;;Non;;;;
2024;24645;15;15119;Massiac;29/10/2024 16:53;2;2;;0;0;0;;;;;Estimées;;Involontaire (travaux);Non;;;;
2024;26609;10;10231;Le Mériot;31/10/2024 16:41;50;50;;0;0;0;;;;;Estimées;;;Non;;;;
2024;27427;77;77186;Fontainebleau;03/11/2024 15:00;1;1;;0;0;0;;;;;Estimées;;;Non;;;;
2024;24977;11;11411;Villanière;04/11/2024 20:53;100;0;100;0;0;0;;;;;Mesurées;1;Accidentelle;Non;;;;
2024;25927;13;13044;Grans;05/11/2024 19:05;40;40;0;0;0;0;;;;;Estimées;1;;Non;;;;
2024;27206;2A;2A310;Santa-Maria-Figaniella;06/11/2024 17:14;10;0;10;0;0;0;;;;;Estimées;;;Non;;;;
2024;24546;34;34237;Roujan;07/11/2024 19:05;7;0;7;0;0;0;;;;;Mesurées;1;Malveillance;Non;;;;
2024;24551;38;38061;La Buisse;08/11/2024 17:30;50;50;;0;0;0;;;;;Mesurées;;Involontaire (particulier);Non;;;;
2024;29225;25;25489;Reugney;09/11/2024 15:12;25000;25000;;0;0;0;;;;;Estimées;;Involontaire (travaux);Non;;;;
2024;27207;2A;2A040;Bocognano;11/11/2024 11:32;200;0;200;0;0;0;;;;;Estimées;;Involontaire (particulier);Non;;;;
2024;27067;26;26275;Rochegude;15/11/2024 14:39;10;0;10;0;0;0;;;;;Estimées;;;Non;;;;
2024;24680;974;97414;Saint-Louis;15/11/2024 20:10;2500;2500;;0;0;0;;;;;Mesurées;;;Non;;;;
2024;27208;2A;2A017;Appietto;17/11/2024 14:00;1000;0;1000;0;0;0;;;;;Estimées;;Malveillance;Non;;;;
2024;28213;84;84135;Uchaux;17/11/2024 14:26;5;5;;;;;;;;;Estimées;;;Non;;;;
2024;25014;11;11077;Castelnau-d'Aude;19/11/2024 14:01;6000;0;6000;0;0;0;;;;;Mesurées;1;Involontaire (travaux);Non;;;;
2024;25928;13;13063;Miramas;19/11/2024 16:04;600;600;0;0;0;0;;;;;Mesurées;1;Accidentelle;Oui;0;1;0;
2024;25016;11;11202;Leucate;19/11/2024 23:10;10;10;0;0;0;0;;;;;Mesurées;1;Accidentelle;Non;;;;
2024;27212;2A;2A092;Conca;20/11/2024 15:30;50;0;50;0;0;0;;;;;Estimées;;;Non;;;;
2024;24733;2B;2B225;Pietra-di-Verde;20/11/2024 15:32;220000;0;220000;0;0;0;;;;;Estimées;1;Accidentelle;Non;;;;
2024;27210;2A;2A288;Sotta;20/11/2024 17:07;100;0;100;0;0;0;;;;;Estimées;;Involontaire (particulier);Non;;;;
2024;24736;2B;2B111;Felce;22/11/2024 02:28;1000;0;1000;0;0;0;;;;;Estimées;;;Non;;;;
2024;24737;2B;2B334;Valle-d'Alesani;22/11/2024 02:30;6000;0;6000;0;0;0;;;;;Estimées;1;;Non;;;;
2024;25022;11;11262;Narbonne;23/11/2024 17:22;5;5;0;0;0;0;;;;;Mesurées;4;Involontaire (particulier);Non;;;;
2024;25023;11;11223;Mas-des-Cours;23/11/2024 19:55;15;0;15;0;0;0;;;;;Mesurées;;Involontaire (travaux);Non;;;;
2024;24738;2B;2B309;Santa-Maria-di-Lota;24/11/2024 14:52;1050;0;1050;0;0;0;;;;;Estimées;;;Non;;;;
2024;27068;26;26357;Tulette;24/11/2024 18:12;3000;0;3000;0;0;0;;;;;Estimées;;;Non;;;;
2024;25737;66;66020;Bolquère;27/11/2024 09:27;16;16;0;0;0;0;;;;;Estimées;;Involontaire (particulier);Non;;;;
2024;25740;66;66062;Dorres;30/11/2024 12:32;50;50;0;0;0;0;;;;;Estimées;;Involontaire (travaux);Non;;;;
2024;25870;11;11004;Alaigne;30/11/2024 15:23;4200;200;0;0;4000;0;;;;;Mesurées;2;Involontaire (particulier);Non;;;;
2024;28867;19;19068;Dampniat;30/11/2024 17:53;4;4;;0;0;0;;;;;Mesurées;;;Non;0;0;0;
2024;29240;976;97606;Chirongui;02/12/2024 06:15;12500;12500;;0;0;0;;;;;Mesurées;;Malveillance;Non;;;;
2024;24859;34;34250;Saint-Étienne-d'Albagnan;05/12/2024 11:30;5922;5922;0;0;0;0;;;;;Estimées;3;Involontaire (travaux);Non;;;;
2024;28218;84;84078;Mondragon;05/12/2024 11:59;1;1;0;0;0;0;;;;;Estimées;;;Non;;;;
2024;25887;11;11012;Argeliers;06/12/2024 17:22;5000;0;5000;0;0;0;;;;;Mesurées;1;Involontaire (particulier);Non;;;;
2024;24849;34;34337;Villeneuve-lès-Maguelone;07/12/2024 15:55;1391;0;1391;0;0;0;;;;;Mesurées;1;Accidentelle;Non;;;;
2024;24846;34;34058;Castries;07/12/2024 17:55;60;0;60;0;0;0;;;;;Mesurées;1;Involontaire (travaux);Non;;;;
2024;25890;11;11262;Narbonne;10/12/2024 13:29;2000;0;2000;0;0;0;;;;;Mesurées;;;Non;;;;
2024;29254;25;25056;Besançon;10/12/2024 16:48;100;100;;0;0;0;;;;;Estimées;;;Non;;;;
2024;29241;976;97610;Koungou;11/12/2024 07:00;50000;50000;;0;0;0;;;;;Estimées;;Malveillance;Non;;;;
2024;25226;74;74035;Bloye;12/12/2024 03:03;1;1;;0;0;0;;;;;Estimées;;;Non;;;;
2024;25120;34;34109;Gabian;14/12/2024 18:38;132;132;0;0;0;0;;;;;Mesurées;2;Involontaire (travaux);Non;;;;
2024;25134;06;06030;Le Cannet;15/12/2024 04:21;50;0;50;0;0;0;;;;;Mesurées;1;;Non;;;;
2024;28225;84;84008;Le Barroux;15/12/2024 08:55;1;1;0;0;0;0;;;;;Estimées;;;Non;;;;
2024;25119;06;06157;Vence;15/12/2024 15:37;100;100;0;0;0;0;;;;;Estimées;4;;Non;;;;
2024;25221;06;06148;Tourrettes-sur-Loup;16/12/2024 13:57;50;0;50;0;0;0;;;;;Estimées;1;;Non;;;;
2024;25370;34;34162;Montagnac;20/12/2024 17:55;3900;0;3900;0;0;0;;;;;Mesurées;1;Malveillance;Non;;;;
2024;25899;11;11043;Bouilhonnac;21/12/2024 10:35;10;0;10;0;0;0;;;;;Mesurées;;;Non;;;;
2024;25964;974;97414;Saint-Louis;21/12/2024 15:16;130000;130000;;0;0;0;;;;;Mesurées;;;Non;;;;
2024;25777;06;06074;Lantosque;21/12/2024 15:18;400;0;400;0;0;0;;;;;Estimées;1;;Non;;;;
2024;25778;06;06060;Falicon;22/12/2024 14:46;2000;0;2000;0;0;0;;;;;Estimées;1;;Non;;;;
2024;25476;34;34014;Assas;24/12/2024 15:33;1382;0;1382;0;0;0;;;;;Mesurées;1;Involontaire (travaux);Non;;;;
2024;27071;26;26170;Malissard;24/12/2024 17:01;2;0;2;0;0;0;;;;;Estimées;;;Non;;;;
2024;25787;2B;2B340;Velone-Orneto;26/12/2024 13:44;30000;0;30000;0;0;0;;;;;Estimées;1;;Non;;;;
2024;25780;06;06104;Roquebrune-Cap-Martin;27/12/2024 13:21;1200;0;1200;0;0;0;;;;;Estimées;1;Involontaire (travaux);Non;;;;
2024;28238;84;84083;Mornas;27/12/2024 21:24;150;150;0;0;0;0;;;;;Estimées;;;Non;;;;
2024;29813;30;30040;Blandas;28/12/2024 12:37;20812;0;20812;0;0;0;;;;;Mesurées;1;Involontaire (particulier);Non;;;;
2024;25781;06;06074;Lantosque;28/12/2024 19:24;500;0;500;0;0;0;;;;;Estimées;1;;Non;;;;
2024;26495;974;97421;Salazie;29/12/2024 11:28;9060;9060;;0;0;0;;;;;Estimées;;;Non;;;;
2024;25459;34;34040;Brenas;29/12/2024 12:51;285;0;285;0;0;0;;;;;Mesurées;;Malveillance;Non;;;;
2024;27169;04;04166;Riez;29/12/2024 15:15;2000;2000;0;0;0;0;;;;;Estimées;;Involontaire (particulier);;;;;Données partielles ou non valides